-- MySQL dump 10.13  Distrib 8.0.36, for Win64 (x86_64)
--
-- Host: trolley.proxy.rlwy.net    Database: railway
-- ------------------------------------------------------
-- Server version	9.4.0

/*!40101 SET @OLD_CHARACTER_SET_CLIENT=@@CHARACTER_SET_CLIENT */;
/*!40101 SET @OLD_CHARACTER_SET_RESULTS=@@CHARACTER_SET_RESULTS */;
/*!40101 SET @OLD_COLLATION_CONNECTION=@@COLLATION_CONNECTION */;
/*!50503 SET NAMES utf8 */;
/*!40103 SET @OLD_TIME_ZONE=@@TIME_ZONE */;
/*!40103 SET TIME_ZONE='+00:00' */;
/*!40014 SET @OLD_UNIQUE_CHECKS=@@UNIQUE_CHECKS, UNIQUE_CHECKS=0 */;
/*!40014 SET @OLD_FOREIGN_KEY_CHECKS=@@FOREIGN_KEY_CHECKS, FOREIGN_KEY_CHECKS=0 */;
/*!40101 SET @OLD_SQL_MODE=@@SQL_MODE, SQL_MODE='NO_AUTO_VALUE_ON_ZERO' */;
/*!40111 SET @OLD_SQL_NOTES=@@SQL_NOTES, SQL_NOTES=0 */;

--
-- Table structure for table `admins`
--

DROP TABLE IF EXISTS `admins`;
/*!40101 SET @saved_cs_client     = @@character_set_client */;
/*!50503 SET character_set_client = utf8mb4 */;
CREATE TABLE `admins` (
  `admin_id` int NOT NULL AUTO_INCREMENT,
  `restaurant_id` int NOT NULL,
  `username` varchar(100) NOT NULL,
  `password_hash` varchar(255) NOT NULL,
  `created_at` timestamp NULL DEFAULT CURRENT_TIMESTAMP,
  PRIMARY KEY (`admin_id`),
  UNIQUE KEY `username` (`username`),
  KEY `restaurant_id` (`restaurant_id`),
  CONSTRAINT `admins_ibfk_1` FOREIGN KEY (`restaurant_id`) REFERENCES `restaurants` (`restaurant_id`) ON DELETE CASCADE
) ENGINE=InnoDB AUTO_INCREMENT=9 DEFAULT CHARSET=utf8mb4 COLLATE=utf8mb4_0900_ai_ci;
/*!40101 SET character_set_client = @saved_cs_client */;

--
-- Dumping data for table `admins`
--

LOCK TABLES `admins` WRITE;
/*!40000 ALTER TABLE `admins` DISABLE KEYS */;
INSERT INTO `admins` VALUES (1,1,'Niels','scrypt:32768:8:1$1yD5FwfweKGpGdHM$2737b87c4391a65db78bd9220a4060863d534d76aae4820f5200a69e6de717433071a9e6ee4b7a111e963368e5b7494baac3ca0b3b3dcd4eeac1095ee7d2175b','2026-05-16 13:34:32'),(2,1,'Niels2','scrypt:32768:8:1$n4w6O3goJHnqcKxS$15e718f264a7d3b2844abc8d367765931f21f4adce0538c89082b330661f33204bd29bc8ac716a4e8a5f27d1323dd7b738c1984a7f9cc9d7abd09e8c17769149','2026-05-16 13:44:24'),(3,1,'Niels3','scrypt:32768:8:1$CzoqocYKXtn28Jwv$c9d910818c5df79b053f9687d691e5de4360111e26ac182632932102899e6814a348a53624932ecde8d00098a1c87563f30ea2649a4aa82bb875fc93dcf47c83','2026-05-16 14:04:46'),(8,2,'Crowst','scrypt:32768:8:1$EirFQekZWUd3JgER$104a2d89453e8680b86b41c741cd8552ba61e1eb52da47db025f8750ed9986c25b3f3329e014cd0856844e097bdd715d95788f297d58d9ffe97f1f191280d926','2026-05-30 16:55:22');
/*!40000 ALTER TABLE `admins` ENABLE KEYS */;
UNLOCK TABLES;

--
-- Table structure for table `food_items`
--

DROP TABLE IF EXISTS `food_items`;
/*!40101 SET @saved_cs_client     = @@character_set_client */;
/*!50503 SET character_set_client = utf8mb4 */;
CREATE TABLE `food_items` (
  `food_id` int NOT NULL AUTO_INCREMENT,
  `restaurant_id` int NOT NULL,
  `dish_name` varchar(255) NOT NULL,
  `category` varchar(50) DEFAULT NULL,
  `description` text,
  `colour_score` int NOT NULL,
  `body_score` int NOT NULL,
  `tannin_score` int NOT NULL,
  `acidity_score` int NOT NULL,
  `sweetness_score` int NOT NULL,
  `available` tinyint(1) NOT NULL DEFAULT '1',
  `colour_wine` varchar(50) DEFAULT NULL,
  PRIMARY KEY (`food_id`),
  KEY `restaurant_id` (`restaurant_id`),
  CONSTRAINT `food_items_ibfk_1` FOREIGN KEY (`restaurant_id`) REFERENCES `restaurants` (`restaurant_id`) ON DELETE CASCADE,
  CONSTRAINT `food_items_chk_1` CHECK ((`colour_score` between 0 and 20)),
  CONSTRAINT `food_items_chk_2` CHECK ((`body_score` between 0 and 20)),
  CONSTRAINT `food_items_chk_3` CHECK ((`tannin_score` between 0 and 20)),
  CONSTRAINT `food_items_chk_4` CHECK ((`acidity_score` between 0 and 20)),
  CONSTRAINT `food_items_chk_5` CHECK ((`sweetness_score` between 0 and 20))
) ENGINE=InnoDB AUTO_INCREMENT=27 DEFAULT CHARSET=utf8mb4 COLLATE=utf8mb4_0900_ai_ci;
/*!40101 SET character_set_client = @saved_cs_client */;

--
-- Dumping data for table `food_items`
--

LOCK TABLES `food_items` WRITE;
/*!40000 ALTER TABLE `food_items` DISABLE KEYS */;
INSERT INTO `food_items` VALUES (1,1,'Devilled Kidneys','starter','Tender devilled kidneys served with smoked bacon, mushrooms and toasted bread delivering rich savoury depth and earthy umami flavours.',20,14,10,11,1,1,'red'),(2,1,'Short Rib Nugget','starter','Crisp short rib nugget with rich beef flavour balanced by earthy celeriac and aromatic truffle dressing.',20,16,14,10,1,1,'red'),(3,1,'F.X. Buckley Black Pudding Scotch Egg','starter','Rich black pudding scotch egg served with watercress, apple salad and smoky barbecue sauce offering savoury depth and gentle sweetness.',20,15,12,12,4,1,'red'),(4,1,'Beetroot Carpaccio','starter','Earthy beetroot carpaccio with creamy goat cheese pearls, candied walnuts, baby rocket and nutty hazelnut dressing.',20,8,2,14,5,1,'white'),(5,1,'Pan Seared Scallops','seafood','Sweet pan seared scallops served with wilted spinach, smoky Spanish chorizo, sourdough croutons and fresh chives.',20,11,2,15,1,1,'white'),(6,1,'Dry Aged Beef Tartare','starter','Finely chopped dry aged beef tartare with smoked caviar, pickled enoki mushrooms and crisp sourdough toast.',20,14,10,13,1,1,'red'),(7,1,'Chicken Liver & Foie Gras Parfait','starter','Luxuriously smooth chicken liver and foie gras parfait served with raisin and Madeira jelly alongside toasted brioche.',20,15,1,16,3,1,'white'),(8,1,'Caesar Salad','starter','Classic Caesar salad with aged Parmesan, smoked bacon and crisp leaves delivering creamy texture and savoury depth.',20,8,1,14,1,1,'white'),(9,1,'Achill Island Oysters','seafood','Fresh Achill Island oysters with bright salinity, mineral character and delicate ocean freshness.',20,4,0,18,0,1,'champagne'),(10,1,'Fillet Steak','main','Tender and lean fillet steak with delicate texture, subtle beef flavour and refined savoury depth served with crispy shoestring onions.',20,11,8,13,1,1,'red'),(11,1,'Rib Eye Steak','main','Rich marbled rib eye steak with deep savoury flavour and juicy texture served with crispy shoestring onions.',20,18,18,11,1,1,'red'),(12,1,'Striploin Steak','main','Classic striploin steak with firm texture, balanced marbling and concentrated beef character served with crispy shoestring onions.',20,17,16,12,1,1,'red'),(13,1,'Striploin on the Bone','main','Bone-in striploin steak delivering intense beef flavour, structured texture and savoury depth with crispy shoestring onions.',20,18,17,11,1,1,'red'),(14,1,'T-Bone Steak','main','Large T-bone steak combining tender fillet and richly flavoured striploin served with crispy shoestring onions.',20,18,17,11,1,1,'red'),(15,1,'Chateaubriand','main','Luxuriously tender centre cut beef fillet with refined texture, subtle savoury depth and elegant richness ideal for sharing.',20,12,9,13,1,1,'red'),(16,1,'Porterhouse Steak','main','Generous porterhouse steak combining rich marbling and tender texture with deep chargrilled beef flavours.',20,19,18,11,1,1,'red'),(17,1,'Irish Ex Dairy Cow Côte de Boeuf','main','Deeply flavoured côte de boeuf with mature beef character, rich marbling and powerful savoury complexity.',20,20,19,10,1,1,'red'),(18,1,'Ridgeway Wagyu Bone In Striploin','main','Highly marbled wagyu bone-in striploin delivering exceptional richness, buttery texture and intense umami depth.',20,20,16,12,2,1,'red'),(19,1,'6oz Beef Fillet Medallions','main','Tender beef fillet medallions served with mash, shallots, mushrooms and rich marrow jus.',20,13,10,13,1,1,'red'),(20,1,'Braised Beef Cheek','main','Slow braised beef cheek with rich gelatinous texture and deep savoury flavour served with truffle mash.',20,19,16,11,2,1,'red'),(21,1,'Cornish Sole Meuniére','seafood','Delicate Cornish sole served on the bone with buttery meunière sauce and a choice of side dish.',20,8,1,15,1,1,'white'),(22,1,'Free Range Chicken Roulade','main','Free range chicken roulade with wild garlic mousse, crispy truffle polenta, Jerusalem artichoke, roast parsnip and miso purée.',20,12,3,14,2,1,'white'),(23,1,'Coconut Custard Cake','dessert','Coconut custard cake with vanilla cream.',20,10,0,9,15,1,'dessert'),(24,1,'Espresso Pannacotta','dessert','Silky espresso pannacotta with chocolate notes.',20,12,2,8,14,1,'port'),(25,1,'Black Forest Bomb','dessert','Rich chocolate dessert with fruit compote.',20,16,4,10,18,1,'port'),(26,1,'Vanilla Creme Brulee','dessert','Classic vanilla custard with caramelised sugar.',20,11,0,14,15,1,'dessert');
/*!40000 ALTER TABLE `food_items` ENABLE KEYS */;
UNLOCK TABLES;

--
-- Table structure for table `restaurants`
--

DROP TABLE IF EXISTS `restaurants`;
/*!40101 SET @saved_cs_client     = @@character_set_client */;
/*!50503 SET character_set_client = utf8mb4 */;
CREATE TABLE `restaurants` (
  `restaurant_id` int NOT NULL AUTO_INCREMENT,
  `restaurant_name` varchar(255) NOT NULL,
  `outlet_name` varchar(255) NOT NULL,
  `city` varchar(255) DEFAULT NULL,
  `address` varchar(255) DEFAULT NULL,
  `email` varchar(255) DEFAULT NULL,
  `phone` varchar(20) DEFAULT NULL,
  PRIMARY KEY (`restaurant_id`)
) ENGINE=InnoDB AUTO_INCREMENT=6 DEFAULT CHARSET=utf8mb4 COLLATE=utf8mb4_0900_ai_ci;
/*!40101 SET character_set_client = @saved_cs_client */;

--
-- Dumping data for table `restaurants`
--

LOCK TABLES `restaurants` WRITE;
/*!40000 ALTER TABLE `restaurants` DISABLE KEYS */;
INSERT INTO `restaurants` VALUES (1,'F.X. Buckley','Pembroke Street','Dublin','2 Pembroke St, Dublin 2','info@fxbuckley.ie','+35312345678'),(2,'FX Buckley','Crow Street','Dublin','Crow Street, Dublin 2','crowstreet@fxbuckley.ie','01 000 0001'),(3,'FX Buckley','The Bull & Castle','Dublin','Christ Church, Dublin 8','bullcastle@fxbuckley.ie','01 000 0002'),(4,'FX Buckley','Ryans Parkgate','Dublin','Parkgate Street, Dublin 8','ryansparkgate@fxbuckley.ie','01 000 0003'),(5,'FX Buckley','Monkstown','Dublin','Monkstown, Co. Dublin','monkstown@fxbuckley.ie','01 000 0004');
/*!40000 ALTER TABLE `restaurants` ENABLE KEYS */;
UNLOCK TABLES;

--
-- Table structure for table `sauces`
--

DROP TABLE IF EXISTS `sauces`;
/*!40101 SET @saved_cs_client     = @@character_set_client */;
/*!50503 SET character_set_client = utf8mb4 */;
CREATE TABLE `sauces` (
  `sauce_id` int NOT NULL AUTO_INCREMENT,
  `restaurant_id` int NOT NULL,
  `name` varchar(255) NOT NULL,
  `body_modifier` int DEFAULT NULL,
  `tannin_modifier` int DEFAULT NULL,
  `acidity_modifier` int DEFAULT NULL,
  `sweetness_modifier` int DEFAULT NULL,
  `available` tinyint(1) NOT NULL DEFAULT '1',
  PRIMARY KEY (`sauce_id`),
  KEY `restaurant_id` (`restaurant_id`),
  CONSTRAINT `sauces_ibfk_1` FOREIGN KEY (`restaurant_id`) REFERENCES `restaurants` (`restaurant_id`) ON DELETE CASCADE
) ENGINE=InnoDB AUTO_INCREMENT=5 DEFAULT CHARSET=utf8mb4 COLLATE=utf8mb4_0900_ai_ci;
/*!40101 SET character_set_client = @saved_cs_client */;

--
-- Dumping data for table `sauces`
--

LOCK TABLES `sauces` WRITE;
/*!40000 ALTER TABLE `sauces` DISABLE KEYS */;
INSERT INTO `sauces` VALUES (1,1,'Pepper Sauce',2,1,1,0,1),(2,1,'Garlic Butter',2,-1,2,0,1),(3,1,'Bearnaise',1,-2,3,0,1),(4,1,'Bone Marrow Jus',3,1,0,1,1);
/*!40000 ALTER TABLE `sauces` ENABLE KEYS */;
UNLOCK TABLES;

--
-- Table structure for table `wines`
--

DROP TABLE IF EXISTS `wines`;
/*!40101 SET @saved_cs_client     = @@character_set_client */;
/*!50503 SET character_set_client = utf8mb4 */;
CREATE TABLE `wines` (
  `wine_id` int NOT NULL AUTO_INCREMENT,
  `restaurant_id` int NOT NULL,
  `name` varchar(255) NOT NULL,
  `wine_type` varchar(50) NOT NULL,
  `grape` varchar(100) DEFAULT NULL,
  `country` varchar(100) DEFAULT NULL,
  `region` varchar(100) DEFAULT NULL,
  `year` varchar(10) DEFAULT NULL,
  `bottle_type` varchar(100) DEFAULT NULL,
  `price` decimal(10,2) NOT NULL,
  `available` tinyint(1) NOT NULL DEFAULT '1',
  `description` text,
  `colour_score` int NOT NULL,
  `body_score` int NOT NULL,
  `tannin_score` int NOT NULL,
  `acidity_score` int NOT NULL,
  `sweetness_score` int NOT NULL,
  PRIMARY KEY (`wine_id`),
  KEY `restaurant_id` (`restaurant_id`),
  CONSTRAINT `wines_ibfk_1` FOREIGN KEY (`restaurant_id`) REFERENCES `restaurants` (`restaurant_id`) ON DELETE CASCADE,
  CONSTRAINT `wines_chk_1` CHECK ((`colour_score` between 0 and 20)),
  CONSTRAINT `wines_chk_2` CHECK ((`body_score` between 0 and 20)),
  CONSTRAINT `wines_chk_3` CHECK ((`tannin_score` between 0 and 20)),
  CONSTRAINT `wines_chk_4` CHECK ((`acidity_score` between 0 and 20)),
  CONSTRAINT `wines_chk_5` CHECK ((`sweetness_score` between 0 and 20))
) ENGINE=InnoDB AUTO_INCREMENT=536 DEFAULT CHARSET=utf8mb4 COLLATE=utf8mb4_0900_ai_ci;
/*!40101 SET character_set_client = @saved_cs_client */;

--
-- Dumping data for table `wines`
--

LOCK TABLES `wines` WRITE;
/*!40000 ALTER TABLE `wines` DISABLE KEYS */;
INSERT INTO `wines` VALUES (55,1,'Luma Grillo Cantina Cellaro','white','Grillo','Italy','Sicily','2024','Glass',9.00,1,'Fresh Sicilian white with citrus, pear and light floral notes, crisp acidity and a clean finish suited to seafood and salads.',20,7,1,15,1),(56,1,'Conde Valdemar Rioja Blanco','white','Viura','Spain','Rioja','2024','Glass',9.25,1,'Bright Rioja Blanco with apple, citrus and subtle almond notes, medium freshness and a clean finish for lighter starters.',20,7,1,13,1),(57,1,'Porca de Murca Branco','white','Portuguese White Blend','Portugal','Douro','2023','Glass',9.75,1,'Fresh Douro white with citrus, stone fruit and mineral notes, balanced acidity and a dry finish ideal with seafood.',20,8,1,14,1),(58,1,'Black Rock Chardonnay','white','Chardonnay','USA','California','2022','Glass',9.75,1,'Rounded Californian Chardonnay with ripe apple, peach and gentle creaminess, medium body and soft acidity for chicken or fish.',20,11,1,10,2),(59,1,'Château Bauduc Sauvignon Blanc','white','Sauvignon Blanc','France','Bordeaux','2023','Glass',10.00,1,'Fresh Bordeaux Sauvignon Blanc with citrus, green apple and herbaceous notes, lively acidity and a crisp seafood-friendly finish.',20,7,1,16,1),(60,1,'Webersburg Sauvignon Blanc','white','Sauvignon Blanc','South Africa','Stellenbosch','2024','Glass',10.25,1,'Vibrant Stellenbosch Sauvignon Blanc with lime, gooseberry and herbal notes, crisp acidity and a refreshing finish for seafood.',20,7,1,16,1),(61,1,'Picpoul de Pinet Terre de Roqueloupie','white','Picpoul','France','Languedoc','2024','Glass',10.50,1,'Zesty Picpoul with lemon, green apple and saline minerality, sharp acidity and a clean finish ideal with shellfish.',20,6,1,17,1),(62,1,'Pinot Grigio Ponte del Diavolo','white','Pinot Grigio','Italy','Veneto','2023','Glass',11.00,1,'Light Veneto Pinot Grigio with pear, citrus and floral notes, crisp acidity and a dry refreshing finish for lighter dishes.',20,6,1,13,1),(63,1,'Leefield Sauvignon Blanc Brent Marris','white','Sauvignon Blanc','New Zealand','Marlborough','2023','Glass',11.25,1,'Expressive Marlborough Sauvignon Blanc with passionfruit, lime and cut grass, high acidity and a vibrant seafood-friendly finish.',20,7,1,18,2),(64,1,'Altos de Torona Albariño Sobre Lias','white','Albariño','Spain','Rías Baixas','2023','Glass',12.50,1,'Mineral Albariño with peach, citrus and saline notes, lively acidity and a textured finish ideal with seafood and shellfish.',20,8,1,16,1),(65,1,'Sancerre Domaine Jean-Paul Ballard','white','Sauvignon Blanc','France','Loire','2024','Glass',17.50,1,'Classic Sancerre with citrus, gooseberry and flinty minerality, precise acidity and a long clean finish for seafood.',20,7,1,18,1),(66,1,'Chablis Sainte Claire Jean-Marc Brocard','white','Chardonnay','France','Chablis','2023','Glass',19.25,1,'Mineral Chablis with green apple, lemon and oyster-shell notes, crisp acidity and a precise finish suited to seafood.',20,8,1,17,1),(67,1,'La Bargemone Coteaux d’Aix-en-Provence Rosé','rose','Grenache Blend','France','Provence','2024','Glass',12.25,1,'Pale Provence rosé with red berries, citrus and floral notes, crisp acidity and a dry elegant finish for lighter dishes.',20,7,1,14,1),(68,1,'Miraval Studio Côtes de Provence Rosé','rose','Grenache Blend','France','Provence','2024','Glass',14.75,1,'Elegant Provence rosé with strawberry, peach and citrus notes, fresh acidity and a clean dry finish for seafood or salads.',20,7,1,14,1),(69,1,'Natureo Muscat Torres 0.0% Alcohol','non_alcoholic','Muscat','Spain','Penedès','NV','Glass',5.00,1,'Aromatic alcohol-free Muscat with grape, peach and floral notes, soft acidity and gentle sweetness for light dishes or aperitif.',20,5,0,8,6),(70,1,'Natureo Garnacha-Syrah Torres 0.0% Alcohol','non_alcoholic','Garnacha/Syrah','Spain','Penedès','NV','Glass',5.00,1,'Alcohol-free red blend with red berry, plum and soft spice notes, gentle tannin and a smooth finish for casual dining.',20,6,3,7,4),(71,1,'Valdespino Fino Inocente','sherry','Palomino','Spain','Jerez','NV','Glass',5.00,1,'Bone-dry fino sherry with almond, citrus peel and saline notes, sharp freshness and a savoury finish ideal with tapas or seafood.',20,5,1,16,1),(72,1,'Merlot Les Coches J. Moreau & Fils','red','Merlot','France','Languedoc','2023','Glass',9.75,1,'Soft Merlot with plum, cherry and gentle spice notes, smooth tannins and a rounded finish suited to burgers or lean steak.',20,12,9,9,1),(73,1,'Côtes du Rhône Parallèle 45 Paul Jaboulet Aîné','red','GSM Blend','France','Rhône','2023','Glass',10.00,1,'Juicy Rhône red with blackberry, pepper and herb notes, medium tannins and a savoury finish for grilled meats.',20,13,10,11,1),(74,1,'Urban Malbec Bodega O Fournier','red','Malbec','Argentina','Uco Valley','2024','Glass',10.75,1,'Ripe Malbec with plum, blackberry and violet notes, plush body and smooth tannins ideal for sirloin or chargrilled steak.',20,15,13,10,1),(75,1,'Pinot Noir Doudet-Naudin','red','Pinot Noir','France','Languedoc','2023','Glass',11.75,1,'Light Pinot Noir with cherry, raspberry and earthy spice notes, soft tannins and fresh acidity for fillet or poultry.',20,8,6,12,1),(76,1,'Rioja Crianza Finca Del Marquesado','red','Tempranillo','Spain','Rioja','2020','Glass',11.75,1,'Classic Rioja Crianza with cherry, vanilla and soft spice notes, medium tannins and a smooth finish for lamb or steak.',20,13,11,11,1),(77,1,'Primanero Appassimento Cantine Paolo Leo','red','Negroamaro Blend','Italy','Puglia','2022','Glass',11.75,1,'Rich Puglian red with dried cherry, plum and sweet spice notes, full body and soft tannins for grilled meats.',20,16,11,8,3),(78,1,'D’Arenberg The Footbolt Shiraz','red','Shiraz','Australia','McLaren Vale','2021','Glass',12.50,1,'Bold McLaren Vale Shiraz with blackberry, pepper and dark chocolate notes, firm structure and a long steak-friendly finish.',20,17,14,10,1),(79,1,'Château Bauduc Les Trois Hectares','red','Merlot Blend','France','Bordeaux','2020','Glass',15.00,1,'Supple Bordeaux with blackcurrant, plum and cedar notes, balanced tannins and a savoury finish suited to roast beef.',20,14,13,11,1),(80,1,'Webersburg Cabernet Sauvignon Merlot','red','Cabernet Sauvignon/Merlot','South Africa','Stellenbosch','2018','Glass',15.50,1,'Structured Stellenbosch blend with cassis, plum and cedar notes, firm tannins and a polished finish for ribeye steak.',20,16,15,12,1),(81,1,'Webersburg Cabernet Sauvignon','red','Cabernet Sauvignon','South Africa','Stellenbosch','2017','Glass',17.25,1,'Classic Stellenbosch Cabernet with blackcurrant, graphite and cedar notes, firm tannins and a long finish for prime beef.',20,17,17,12,1),(82,1,'Chianti Classico Fonterutoli Mazzei','red','Sangiovese','Italy','Tuscany','2022','Glass',17.25,1,'Bright Chianti Classico with cherry, dried herbs and savoury spice, firm acidity and tannins ideal with steak or tomato dishes.',20,14,13,15,1),(83,1,'Rioja Gran Reserva Conde Valdemar','red','Tempranillo','Spain','Rioja','2017','Glass',18.00,1,'Mature Rioja Gran Reserva with cherry, leather and vanilla notes, polished tannins and a long savoury finish for beef.',20,14,12,12,1),(84,1,'Châteauneuf-du-Pape Les Cèdres Paul Jaboulet Aîné','red','GSM Blend','France','Rhône','2022','Glass',26.00,1,'Powerful Châteauneuf-du-Pape with black fruit, spice and garrigue notes, broad body and warming finish for rich meats.',20,17,13,10,1),(85,1,'Mercurey Vieilles Vignes Philippe Le Hardi','red','Pinot Noir','France','Burgundy','2022','Glass',26.50,1,'Elegant Burgundy Pinot Noir with cherry, raspberry and earthy notes, fine tannins and fresh acidity suited to fillet steak.',20,9,7,13,1),(86,1,'Brunello di Montalcino Castello Banfi','red','Sangiovese','Italy','Tuscany','2019','Glass',31.00,1,'Structured Brunello with dark cherry, leather and dried herb notes, firm tannins and bright acidity for steak or lamb.',20,16,15,15,1),(87,1,'Sequoia Grove Cabernet Sauvignon','red','Cabernet Sauvignon','USA','Napa Valley','2021','Glass',35.75,1,'Rich Napa Cabernet with cassis, blackberry and oak spice, full body and firm tannins ideal with ribeye or striploin.',20,18,17,11,2),(88,1,'La Réserve de Château Léoville Barton','red','Cabernet Sauvignon Blend','France','Saint-Julien','2018','Glass',38.25,1,'Refined Saint-Julien Bordeaux with cassis, cedar and graphite notes, structured tannins and a long finish for prime beef.',20,17,17,13,1),(89,1,'Prosecco Spumante Breganze','sparkling','Glera','Italy','Breganze','NV','Bottle',49.00,1,'Light and refreshing Prosecco with pear, apple and floral notes, lively mousse and crisp acidity ideal as an aperitif.',20,6,0,14,2),(90,1,'Prosecco Spumante Rosé Ca’Bolani','sparkling','Glera/Pinot Noir','Italy','Veneto','2023','Bottle',52.00,1,'Fresh sparkling rosé with strawberry, citrus and floral aromas, delicate bubbles and a clean refreshing finish.',20,6,0,14,2),(91,1,'Conde de Caralt Cava','sparkling','Macabeo/Xarel-lo/Parellada','Spain','Catalonia','NV','Bottle',54.00,1,'Dry Spanish Cava with citrus, green apple and brioche notes, lively acidity and a crisp elegant finish.',20,7,0,15,1),(92,1,'Veuve Clicquot Brut','champagne','Chardonnay/Pinot Noir/Pinot Meunier','France','Champagne','NV','Half Bottle',50.00,1,'Classic Champagne with brioche, apple and citrus notes, vibrant acidity and a refined persistent mousse.',20,10,1,16,1),(93,1,'Joseph Perrier Cuvée Royale Brut','champagne','Chardonnay/Pinot Noir/Pinot Meunier','France','Champagne','NV','Bottle',92.00,1,'Elegant Champagne with orchard fruit, toasted brioche and citrus freshness, balanced mousse and long finish.',20,10,1,16,1),(94,1,'Veuve Clicquot Brut','champagne','Chardonnay/Pinot Noir/Pinot Meunier','France','Champagne','NV','Bottle',99.00,1,'Structured Champagne with apple, brioche and citrus notes, creamy texture and bright acidity ideal for celebrations.',20,11,1,16,1),(95,1,'Bollinger Special Cuvée Brut','champagne','Pinot Noir Blend','France','Champagne','NV','Bottle',150.00,1,'Rich and powerful Champagne with baked apple, brioche and hazelnut complexity, creamy mousse and persistent finish.',20,13,2,15,1),(96,1,'Duval Leroy Brut Réserve','champagne','Chardonnay/Pinot Noir/Pinot Meunier','France','Champagne','NV','Bottle',155.00,1,'Elegant Champagne showing citrus, white flowers and brioche notes, balanced acidity and a refined finish.',20,10,1,16,1),(97,1,'Veuve Clicquot Brut','champagne','Chardonnay/Pinot Noir/Pinot Meunier','France','Champagne','NV','Magnum',198.00,1,'Generous Champagne with citrus, brioche and stone fruit character, creamy mousse and vibrant acidity.',20,11,1,16,1),(98,1,'Veuve Clicquot Brut Rosé','champagne','Pinot Noir Blend','France','Champagne','NV','Bottle',120.00,1,'Expressive rosé Champagne with strawberry, raspberry and brioche notes, lively acidity and elegant mousse.',20,11,1,15,2),(99,1,'Louis Roederer Rosé','champagne','Pinot Noir/Chardonnay','France','Champagne','2016','Bottle',145.00,1,'Refined vintage rosé Champagne with wild berry, citrus and toasted almond notes, vibrant structure and long finish.',20,12,1,16,2),(100,1,'Ruinart Rosé','champagne','Chardonnay/Pinot Noir','France','Champagne','NV','Bottle',313.00,1,'Luxurious rosé Champagne with red berries, citrus zest and floral complexity, silky mousse and elegant freshness.',20,12,1,16,2),(101,1,'Piper Heidsieck Vintage','champagne','Pinot Noir Blend','France','Champagne','2014','Bottle',135.00,1,'Vintage Champagne with ripe apple, brioche and citrus peel notes, creamy texture and persistent mineral finish.',20,12,1,15,1),(102,1,'Louis Roederer Blanc de Blancs','champagne','Chardonnay','France','Champagne','2016','Bottle',158.00,1,'Mineral-driven Blanc de Blancs with lemon, chalk and brioche notes, refined mousse and precise acidity.',20,11,0,17,1),(103,1,'Veuve Clicquot Brut Vintage','champagne','Pinot Noir Blend','France','Champagne','2015','Bottle',160.00,1,'Structured vintage Champagne with citrus, baked apple and toasted brioche notes, balanced richness and freshness.',20,12,1,15,1),(104,1,'Taittinger Comtes de Champagne Blanc de Blancs Brut','champagne','Chardonnay','France','Champagne','2013','Bottle',320.00,1,'Prestige Blanc de Blancs with citrus, white flowers and chalky minerality, elegant mousse and exceptional length.',20,12,0,18,1),(105,1,'Veuve Clicquot La Grande Dame','champagne','Pinot Noir Blend','France','Champagne','2012','Bottle',370.00,1,'Prestige Champagne with stone fruit, brioche and mineral complexity, refined mousse and long elegant finish.',20,13,1,16,1),(106,1,'Louis Roederer Cristal','champagne','Chardonnay/Pinot Noir','France','Champagne','2015','Bottle',480.00,1,'Iconic Champagne with citrus, white peach and brioche complexity, silky mousse and remarkable precision.',20,13,1,17,1),(107,1,'Dom Pérignon','champagne','Chardonnay/Pinot Noir','France','Champagne','2015','Bottle',500.00,1,'Prestige Champagne with citrus, toasted brioche and mineral depth, creamy mousse and exceptional persistence.',20,13,1,16,1),(108,1,'Krug Brut','champagne','Chardonnay/Pinot Noir/Pinot Meunier','France','Champagne','1998','Bottle',650.00,1,'Complex mature Champagne with brioche, hazelnut and citrus confit notes, powerful structure and endless finish.',20,14,1,15,2),(109,1,'Luma Grillo Cantina Cellaro','white','Grillo','Italy','Sicily','2024','Bottle',35.00,1,'Fresh Sicilian white with citrus, pear and floral notes, lively acidity and a clean seafood-friendly finish.',20,7,1,15,1),(110,1,'Conde Valdemar Rioja Blanco','white','Viura','Spain','Rioja','2024','Bottle',36.00,1,'Bright Rioja Blanco with apple, citrus and subtle almond notes, crisp acidity and a refreshing dry finish.',20,7,1,13,1),(111,1,'Sauvignon Blanc Jean Paul Seguin','white','Sauvignon Blanc','France','Loire','2024','Bottle',37.00,1,'Fresh Loire Sauvignon Blanc with gooseberry, lime and herbaceous notes, vibrant acidity and mineral freshness.',20,7,1,17,1),(112,1,'Porca de Murca Branco','white','Portuguese White Blend','Portugal','Douro','2023','Bottle',38.00,1,'Textured Douro white with citrus, peach and mineral notes, balanced acidity and a smooth dry finish.',20,8,1,14,1),(113,1,'Château Bauduc Sauvignon Blanc','white','Sauvignon Blanc','France','Bordeaux','2023','Bottle',39.00,1,'Elegant Bordeaux Sauvignon Blanc with citrus, green apple and herbaceous freshness, crisp acidity and a clean finish.',20,7,1,16,1),(114,1,'Picpoul de Pinet Terre de Roqueloupie','white','Picpoul','France','Languedoc','2024','Bottle',41.00,1,'Zesty Picpoul with lemon, saline minerality and green apple notes, sharp acidity and refreshing seafood-friendly character.',20,6,1,17,1),(115,1,'Chardonnay Doudet-Naudin','white','Chardonnay','France','Aude','2023','Bottle',42.00,1,'Balanced Chardonnay with ripe orchard fruit, citrus and gentle creaminess, soft texture and fresh finish.',20,10,1,12,2),(116,1,'Pinot Grigio Ponte del Diavolo','white','Pinot Grigio','Italy','Veneto','2024','Bottle',43.00,1,'Light Pinot Grigio with pear, citrus and floral notes, crisp acidity and a refreshing dry finish.',20,6,1,13,1),(117,1,'Vermentino Tenuta Bèlguardo Mazzei','white','Vermentino','Italy','Tuscany','2023','Bottle',45.00,1,'Mediterranean Vermentino with citrus, herbs and saline minerality, lively acidity and a clean elegant finish.',20,7,1,15,1),(118,1,'Muscadet Sèvre-et-Maine Sur Lie Domaine de la Pépière','white','Melon de Bourgogne','France','Loire','2023','Bottle',48.00,1,'Mineral-driven Muscadet with lemon, green apple and saline notes, brisk acidity and oyster-friendly freshness.',20,6,1,18,1),(119,1,'Altos de Torona Albariño Sobre Lias','white','Albariño','Spain','Rías Baixas','2023','Bottle',49.00,1,'Expressive Albariño with peach, citrus and mineral notes, bright acidity and textured seafood-friendly finish.',20,8,1,16,1),(120,1,'Fritz Haag Riesling Trocken','white','Riesling','Germany','Mosel','2022','Bottle',51.00,1,'Dry Riesling with lime, green apple and slate minerality, vibrant acidity and a focused elegant finish.',20,7,0,19,2),(121,1,'Grüner Veltliner Domaene Gobelsburg','white','Grüner Veltliner','Austria','Kamptal','2024','Bottle',53.00,1,'Fresh Grüner Veltliner with citrus, white pepper and herbal notes, crisp acidity and mineral precision.',20,7,1,16,1),(122,1,'Gavi di Gavi Lugarara La Giustiniana','white','Cortese','Italy','Piedmont','2024','Bottle',54.00,1,'Elegant Gavi with lemon, pear and almond notes, refreshing acidity and a clean mineral finish.',20,7,1,15,1),(123,1,'Clos Floridène Graves Denis Dubourdieu','white','Sauvignon Blanc/Sémillon','France','Bordeaux','2010','Bottle',60.00,1,'Mature Graves white with citrus, honey and mineral complexity, balanced richness and persistent freshness.',20,11,1,14,2),(124,1,'Sancerre Domaine Jean-Paul Ballard','white','Sauvignon Blanc','France','Loire','2024','Bottle',68.00,1,'Classic Sancerre with gooseberry, lime and flinty minerality, crisp acidity and a refined seafood-friendly finish.',20,7,1,18,1),(125,1,'Vouvray Classic Marc Brédif','white','Chenin Blanc','France','Loire','2023','Bottle',70.00,1,'Textured Chenin Blanc with apple, quince and honeyed citrus notes, lively acidity and mineral depth.',20,9,1,16,3),(126,1,'Chablis Sainte Claire Domaine Jean-Marc Brocard','white','Chardonnay','France','Chablis','2023','Bottle',75.00,1,'Mineral Chablis with lemon, green apple and oyster-shell notes, precise acidity and long clean finish.',20,8,1,17,1),(127,1,'Pouilly-Fuissé Cuvée Vieilles Vignes Domaine Simonin','white','Chardonnay','France','Burgundy','2023','Bottle',80.00,1,'Rich Burgundy Chardonnay with ripe orchard fruit, hazelnut and mineral notes, balanced freshness and creamy texture.',20,12,1,13,2),(128,1,'Bourgogne Aligoté Roisin Curley','white','Aligoté','France','Burgundy','2021','Bottle',108.00,1,'Elegant Aligoté with citrus, white flowers and chalky minerality, bright acidity and refined structure.',20,7,0,17,1),(129,1,'Hermitage Blanc Les Rocoules Marc Sorrel','white','Marsanne/Roussanne','France','Rhône','2013','Bottle',155.00,1,'Powerful Rhône white with honey, stone fruit and toasted nut complexity, rich texture and long mineral finish.',20,15,1,12,3),(130,1,'Chablis Grand Cru Les Clos Simonnet','white','Chardonnay','France','Chablis','2021','Bottle',260.00,1,'Grand Cru Chablis with citrus, oyster-shell minerality and layered complexity, vibrant acidity and exceptional persistence.',20,12,1,18,1),(131,1,'Puligny-Montrachet Bachelet Monnot','white','Chardonnay','France','Burgundy','2022','Bottle',270.00,1,'Refined Puligny-Montrachet with citrus, white peach and mineral precision, elegant texture and persistent freshness.',20,12,1,17,1),(132,1,'Meursault 1er Cru Genevrières Philippe Bouzereau','white','Chardonnay','France','Burgundy','2021','Bottle',310.00,1,'Luxurious Meursault with ripe orchard fruit, hazelnut and buttery complexity, balanced by fine mineral acidity.',20,14,1,13,2),(133,1,'Vougeot 1er Cru Le Clos Blanc de Vougeot Domaine de la Vougeraie','white','Chardonnay','France','Burgundy','2019','Bottle',320.00,1,'Structured white Burgundy with citrus, toasted almond and mineral depth, creamy texture and long elegant finish.',20,13,1,14,1),(134,1,'Puligny-Montrachet 1er Cru Cailleret Domaine Pousse D’Or','white','Chardonnay','France','Burgundy','2022','Bottle',370.00,1,'Premier Cru Puligny with citrus blossom, white peach and chalky minerality, refined acidity and remarkable length.',20,13,1,17,1),(135,1,'Morey Saint Denis 1er Cru Mont Luisants Domaine Dujac','white','Aligoté','France','Burgundy','2017','Bottle',490.00,1,'Rare white Burgundy with citrus, stone fruit and mineral tension, vibrant acidity and complex layered finish.',20,11,0,17,1),(136,1,'Corton Charlemagne Grand Cru Louis Latour','white','Chardonnay','France','Burgundy','2018','Bottle',580.00,1,'Powerful Grand Cru Chardonnay with citrus, toasted brioche and mineral intensity, concentrated palate and exceptional length.',20,15,1,16,1),(137,1,'Black Rock Chardonnay','white','Chardonnay','USA','California','2023','Bottle',38.00,1,'Fruit-driven Californian Chardonnay with peach, apple and vanilla notes, rounded texture and balanced acidity.',20,11,1,11,2),(138,1,'Webersburg Sauvignon Blanc','white','Sauvignon Blanc','South Africa','Stellenbosch','2024','Bottle',40.00,1,'Fresh Stellenbosch Sauvignon Blanc with lime, gooseberry and herbal notes, crisp acidity and refreshing finish.',20,7,1,16,1),(139,1,'Leefield Sauvignon Blanc Brent Marris','white','Sauvignon Blanc','New Zealand','Marlborough','2023','Bottle',44.00,1,'Vibrant Marlborough Sauvignon Blanc with passionfruit, lime and herbaceous freshness, lively acidity and clean finish.',20,7,1,18,2),(140,1,'Greywacke Sauvignon Blanc Kevin Judd','white','Sauvignon Blanc','New Zealand','Marlborough','2024','Bottle',65.00,1,'Expressive Sauvignon Blanc with tropical fruit, citrus and flinty minerality, bright acidity and long textured finish.',20,8,1,18,2),(141,1,'Pegasus Bay Bel Canto Dry Riesling','white','Riesling','New Zealand','Waipara Valley','2022','Bottle',78.00,1,'Dry Riesling with lime, green apple and floral aromas, intense acidity and mineral-driven precision.',20,8,0,19,2),(142,1,'Decoy by Duckhorn Chardonnay','white','Chardonnay','USA','Sonoma Coast','2022','Bottle',90.00,1,'Elegant Sonoma Chardonnay with ripe peach, citrus and subtle oak notes, creamy texture and balanced freshness.',20,12,1,13,2),(143,1,'Cloudy Bay Sauvignon Blanc','white','Sauvignon Blanc','New Zealand','Marlborough','2024','Bottle',110.00,1,'Iconic Sauvignon Blanc with passionfruit, lime and herbaceous intensity, vibrant acidity and long mineral finish.',20,8,1,19,2),(144,1,'Cakebread Sauvignon Blanc','white','Sauvignon Blanc','USA','Napa Valley','2021','Bottle',115.00,1,'Refined Napa Sauvignon Blanc with citrus, melon and herbal complexity, fresh acidity and elegant structure.',20,9,1,15,2),(145,1,'Grosset Polish Hill Riesling','white','Riesling','Australia','Clare Valley','2023','Bottle',147.00,1,'World-class Riesling with lime, slate and floral aromatics, razor-sharp acidity and exceptional mineral persistence.',20,8,0,20,1),(146,1,'Château Bauduc Rosé','rose','Cabernet Franc/Merlot','France','Bordeaux','2023','Bottle',39.00,1,'Fresh Bordeaux rosé with strawberry, raspberry and citrus notes, lively acidity and a clean dry finish ideal for lighter dishes.',20,7,1,14,1),(147,1,'La Bargemone Coteaux d’Aix-en-Provence Rosé','rose','Grenache Blend','France','Provence','2024','Bottle',48.00,1,'Elegant Provence rosé with red berry, peach and floral notes, crisp acidity and a refined refreshing finish.',20,7,1,14,1),(148,1,'Miraval Studio Côtes de Provence Rosé','rose','Grenache Blend','France','Provence','2024','Bottle',57.00,1,'Pale Provence rosé with strawberry, citrus and subtle mineral notes, vibrant freshness and a clean dry finish.',20,7,1,15,1),(149,1,'Château Lagrange Lussac Saint-Émilion','red','Merlot Blend','France','Saint-Émilion','2022','Bottle',53.00,1,'Supple Right Bank Bordeaux with plum, black cherry and cedar notes, polished tannins and balanced freshness for grilled meats.',20,14,12,12,1),(150,1,'Château Vieux Potana Lalande de Pomerol','red','Merlot Blend','France','Lalande de Pomerol','2021','Bottle',56.00,1,'Smooth Merlot-driven Bordeaux with dark plum, mocha and spice notes, silky tannins and an elegant steak-friendly finish.',20,14,11,11,1),(151,1,'Château Bauduc Les Trois Hectares Bordeaux Supérieur','red','Merlot Blend','France','Bordeaux Supérieur','2020','Bottle',59.00,1,'Classic Bordeaux with cassis, plum and cedar notes, balanced tannins and savoury structure suited to roast beef.',20,14,13,11,1),(152,1,'Château Beaumont Cru Bourgeois Haut-Médoc','red','Cabernet Sauvignon Blend','France','Haut-Médoc','2016','Bottle',76.00,1,'Structured Haut-Médoc with blackcurrant, cedar and tobacco notes, refined tannins and a long savoury finish.',20,16,15,12,1),(153,1,'Château Patache d’Aux Médoc','red','Cabernet Sauvignon Blend','France','Médoc','2017','Bottle',79.00,1,'Firm Médoc Bordeaux with cassis, graphite and earthy spice, balanced acidity and classic steak-friendly tannins.',20,15,14,12,1),(154,1,'Château Larose-Trintaudon Cru Bourgeois Haut-Médoc','red','Cabernet Sauvignon Blend','France','Haut-Médoc','2019','Bottle',80.00,1,'Elegant Bordeaux with black fruit, cedar and herbal complexity, structured tannins and polished finish.',20,15,14,12,1),(155,1,'Château La Tour de By Médoc','red','Cabernet Sauvignon Blend','France','Médoc','2014','Bottle',83.00,1,'Mature Médoc with cassis, tobacco and earthy cedar notes, firm tannins and savoury complexity for beef dishes.',20,15,14,11,1),(156,1,'Château de La Dauphine Fronsac','red','Merlot Blend','France','Fronsac','2021','Bottle',86.00,1,'Rich Right Bank Bordeaux with plum, cocoa and spice notes, velvety texture and balanced acidity.',20,15,12,11,1),(157,1,'Château Mauvesin Barton Moulis en Médoc','red','Cabernet Sauvignon Blend','France','Moulis-en-Médoc','2015','Bottle',88.00,1,'Classic Left Bank Bordeaux with cassis, cedar and graphite notes, refined tannins and elegant structure.',20,16,15,12,1),(158,1,'La Dame de Château d’Angludet Margaux','red','Cabernet Sauvignon Blend','France','Margaux','2021','Bottle',96.00,1,'Perfumed Margaux with blackberry, violet and cedar notes, silky tannins and refined finish suited to fillet steak.',20,15,13,12,1),(159,1,'Château Daugay Grand Cru Classé Saint-Émilion','red','Merlot Blend','France','Saint-Émilion','2019','Bottle',107.00,1,'Rich Saint-Émilion with black cherry, plum and mocha notes, velvety tannins and persistent savoury finish.',20,16,13,12,1),(160,1,'Château Coutet Grand Cru Saint-Émilion','red','Merlot Blend','France','Saint-Émilion','2021','Bottle',110.00,1,'Elegant Saint-Émilion with ripe plum, spice and cedar complexity, balanced acidity and polished tannins.',20,15,12,12,1),(161,1,'Château Tour des Termes Saint-Estèphe','red','Cabernet Sauvignon Blend','France','Saint-Estèphe','2016','Bottle',118.00,1,'Structured Saint-Estèphe with cassis, graphite and tobacco notes, firm tannins and powerful finish for ribeye steak.',20,17,16,12,1),(162,1,'Château Fombrauge Grand Cru Classé Saint-Émilion','red','Merlot Blend','France','Saint-Émilion','2020','Bottle',123.00,1,'Concentrated Saint-Émilion with black fruit, cocoa and spice notes, smooth tannins and layered finish.',20,16,13,12,1),(163,1,'Château Laroque Grand Cru Classé Saint-Émilion','red','Merlot Blend','France','Saint-Émilion','2020','Bottle',132.00,1,'Refined Bordeaux with plum, black cherry and mineral complexity, elegant structure and persistent finish.',20,15,13,12,1),(164,1,'Château Poujeaux Moulis en Médoc','red','Cabernet Sauvignon Blend','France','Moulis-en-Médoc','2016','Bottle',141.00,1,'Classic Left Bank Bordeaux with cassis, cedar and earthy spice, firm tannins and balanced freshness.',20,16,15,12,1),(165,1,'Château Cantemerle 5ème Cru Classé Haut-Médoc','red','Cabernet Sauvignon Blend','France','Haut-Médoc','2012','Bottle',144.00,1,'Elegant Haut-Médoc with blackcurrant, cedar and tobacco notes, polished tannins and long savoury finish.',20,16,14,12,1),(166,1,'Château Les Ormes de Pez Cru Bourgeois Saint-Estèphe','red','Cabernet Sauvignon Blend','France','Saint-Estèphe','2018','Bottle',148.00,1,'Powerful Saint-Estèphe with cassis, graphite and dark spice, structured tannins and persistent finish for steak.',20,17,16,12,1),(167,1,'Château Les Ormes de Pez Cru Bourgeois Saint-Estèphe','red','Cabernet Sauvignon Blend','France','Saint-Estèphe','2016','Bottle',149.00,1,'Structured Bordeaux with dark fruit, cedar and earthy spice, firm tannins and balanced acidity.',20,17,16,12,1),(168,1,'Château Cantemerle 5ème Cru Classé Haut-Médoc','red','Cabernet Sauvignon Blend','France','Haut-Médoc','2015','Bottle',150.00,1,'Refined Bordeaux with cassis, tobacco and cedar complexity, polished tannins and long elegant finish.',20,16,15,12,1),(169,1,'La Réserve de Château Léoville Barton Saint-Julien','red','Cabernet Sauvignon Blend','France','Saint-Julien','2018','Bottle',151.00,1,'Elegant Saint-Julien with cassis, graphite and cedar notes, structured tannins and exceptional balance for beef.',20,17,17,13,1),(170,1,'Pavillon de Château Léoville Poyferré Saint-Julien','red','Cabernet Sauvignon Blend','France','Saint-Julien','2016','Bottle',152.00,1,'Refined Saint-Julien with blackberry, cedar and tobacco notes, silky tannins and long savoury finish.',20,16,15,12,1),(171,1,'Château Lynch-Moussas 100th Anniversary 5ème Cru Classé Pauillac','red','Cabernet Sauvignon Blend','France','Pauillac','2019','Bottle',156.00,1,'Classic Pauillac with cassis, graphite and cedar notes, firm tannins and powerful finish ideal with ribeye steak.',20,18,17,12,1),(172,1,'Château Cantemerle 5ème Cru Classé Haut-Médoc','red','Cabernet Sauvignon Blend','France','Haut-Médoc','2016','Bottle',157.00,1,'Structured Haut-Médoc with blackcurrant, cedar and earthy spice, refined tannins and elegant finish.',20,16,15,12,1),(173,1,'La Réserve de Château Léoville Barton Saint-Julien','red','Cabernet Sauvignon Blend','France','Saint-Julien','2016','Bottle',159.00,1,'Classic Saint-Julien with cassis, graphite and cedar complexity, polished tannins and long finish.',20,17,16,13,1),(174,1,'Château Prieuré-Lichine 4ème Cru Classé Margaux','red','Cabernet Sauvignon Blend','France','Margaux','2016','Bottle',162.00,1,'Elegant Margaux with blackcurrant, violet and cedar notes, refined tannins and graceful steak-friendly structure.',20,16,15,12,1),(175,1,'Echo de Château Lynch-Bages Pauillac','red','Cabernet Sauvignon Blend','France','Pauillac','2020','Bottle',163.00,1,'Powerful Pauillac with cassis, graphite and cedar notes, firm tannins and long savoury finish for ribeye.',20,17,16,12,1),(176,1,'Château Angludet Cru Bourgeois Margaux','red','Cabernet Sauvignon Blend','France','Margaux','2012','Bottle',165.00,1,'Mature Margaux with cassis, violet and tobacco notes, polished tannins and refined savoury length.',20,15,13,12,1),(177,1,'Château Kirwan 3ème Cru Classé Margaux','red','Cabernet Sauvignon Blend','France','Margaux','2018','Bottle',167.00,1,'Perfumed Margaux with black fruit, floral notes and cedar, silky tannins and elegant finish.',20,16,14,12,1),(178,1,'Château Langoa Barton 3ème Cru Classé Saint-Julien','red','Cabernet Sauvignon Blend','France','Saint-Julien','2020','Bottle',168.00,1,'Structured Saint-Julien with cassis, graphite and cedar notes, firm tannins and classic Bordeaux freshness.',20,17,16,13,1),(179,1,'La Réserve de Château Léoville Barton Saint-Julien','red','Cabernet Sauvignon Blend','France','Saint-Julien','2015','Bottle',169.00,1,'Mature Saint-Julien with cassis, tobacco and cedar notes, polished tannins and long savoury finish.',20,17,16,13,1),(180,1,'La Dame de Château Montrose Saint-Estèphe','red','Cabernet Sauvignon Blend','France','Saint-Estèphe','2019','Bottle',175.00,1,'Dense Saint-Estèphe with dark cassis, graphite and spice notes, firm tannins and powerful beef-friendly structure.',20,17,16,12,1),(181,1,'Château Angludet Cru Bourgeois Margaux','red','Cabernet Sauvignon Blend','France','Margaux','2014','Bottle',177.00,1,'Classic Margaux with cassis, cedar and floral notes, refined tannins and balanced savoury finish.',20,15,14,12,1),(182,1,'Château Bellegrave Pomerol','red','Merlot Blend','France','Pomerol','2018','Bottle',181.00,1,'Plush Pomerol with ripe plum, black cherry and mocha notes, velvety tannins and a long smooth finish.',20,16,13,11,1),(183,1,'Château Cantemerle 5ème Cru Classé Haut-Médoc','red','Cabernet Sauvignon Blend','France','Haut-Médoc','2005','Bottle',183.00,1,'Mature Haut-Médoc with cassis, leather and cedar complexity, resolved tannins and savoury length.',20,16,14,11,1),(184,1,'Château du Tertre 5ème Cru Classé Margaux','red','Cabernet Sauvignon Blend','France','Margaux','2014','Bottle',184.00,1,'Elegant Margaux with blackcurrant, violet and cedar notes, fine tannins and graceful finish.',20,15,14,12,1),(185,1,'La Dame de Château Montrose Saint-Estèphe','red','Cabernet Sauvignon Blend','France','Saint-Estèphe','2018','Bottle',186.00,1,'Structured Saint-Estèphe with cassis, tobacco and graphite notes, firm tannins and savoury persistence.',20,17,16,12,1),(186,1,'La Croix de Beaucaillou Château Ducru-Beaucaillou Saint-Julien','red','Cabernet Sauvignon Blend','France','Saint-Julien','2018','Bottle',189.00,1,'Refined Saint-Julien with cassis, cedar and mineral notes, polished tannins and long elegant finish.',20,17,16,13,1),(187,1,'Château Phelan Segur Saint-Estèphe','red','Cabernet Sauvignon Blend','France','Saint-Estèphe','2015','Bottle',213.00,1,'Powerful Saint-Estèphe with blackcurrant, graphite and spice, firm tannins and a long steak-friendly finish.',20,17,16,12,1),(188,1,'Château La Lagune 3ème Cru Classé Haut-Médoc','red','Cabernet Sauvignon Blend','France','Haut-Médoc','2015','Bottle',215.00,1,'Elegant Haut-Médoc with cassis, cedar and tobacco notes, polished tannins and refined length.',20,16,15,12,1),(189,1,'Château Phelan Segur Saint-Estèphe','red','Cabernet Sauvignon Blend','France','Saint-Estèphe','2012','Bottle',225.00,1,'Mature Saint-Estèphe with cassis, leather and graphite notes, firm tannins and savoury depth.',20,17,15,12,1),(190,1,'Château Batailley 5ème Cru Classé Pauillac','red','Cabernet Sauvignon Blend','France','Pauillac','2016','Bottle',226.00,1,'Classic Pauillac with blackcurrant, cedar and graphite notes, firm tannins and long finish for beef.',20,18,17,12,1),(191,1,'Château d’Armailhac 5ème Cru Classé Pauillac','red','Cabernet Sauvignon Blend','France','Pauillac','2016','Bottle',228.00,1,'Structured Pauillac with cassis, tobacco and cedar notes, firm tannins and persistent savoury finish.',20,18,17,12,1),(192,1,'Château Langoa Barton 3ème Cru Classé Saint-Julien','red','Cabernet Sauvignon Blend','France','Saint-Julien','2015','Bottle',230.00,1,'Classic Saint-Julien with cassis, graphite and cedar complexity, firm tannins and elegant balance.',20,17,16,13,1),(193,1,'Château Giscours 3ème Cru Classé Margaux','red','Cabernet Sauvignon Blend','France','Margaux','2012','Bottle',231.00,1,'Elegant Margaux with blackcurrant, violet and cedar notes, polished tannins and savoury length.',20,16,15,12,1),(194,1,'Château Langoa Barton 3ème Cru Classé Saint-Julien','red','Cabernet Sauvignon Blend','France','Saint-Julien','2016','Bottle',232.00,1,'Structured Saint-Julien with cassis, cedar and graphite notes, firm tannins and long refined finish.',20,17,16,13,1),(195,1,'Château Talbot 4ème Grand Cru Classé Saint-Julien','red','Cabernet Sauvignon Blend','France','Saint-Julien','2016','Bottle',240.00,1,'Classic Saint-Julien with blackcurrant, cedar and tobacco notes, firm tannins and polished finish.',20,17,16,13,1),(196,1,'Château Pavie Macquin 1er Cru Classé Saint-Émilion','red','Merlot Blend','France','Saint-Émilion','2019','Bottle',246.00,1,'Dense Saint-Émilion with plum, blackberry and cocoa notes, velvety tannins and powerful finish.',20,17,15,12,1),(197,1,'Château Haut-Bages Libéral 5ème Cru Classé Pauillac','red','Cabernet Sauvignon Blend','France','Pauillac','2009','Bottle',254.00,1,'Mature Pauillac with cassis, cedar and graphite complexity, firm tannins and long savoury depth.',20,18,16,12,1),(198,1,'Château Kirwan 3ème Cru Classé Margaux','red','Cabernet Sauvignon Blend','France','Margaux','2009','Bottle',257.00,1,'Mature Margaux with blackcurrant, violet and cedar complexity, polished tannins and elegant length.',20,16,14,12,1),(199,1,'Château La Lagune 3ème Cru Classé Haut-Médoc','red','Cabernet Sauvignon Blend','France','Haut-Médoc','2000','Bottle',259.00,1,'Mature Haut-Médoc with cassis, leather and tobacco notes, resolved tannins and savoury complexity.',20,16,14,11,1),(200,1,'Château Larcis Ducasse 1er Grand Cru Classé Saint-Émilion','red','Merlot Blend','France','Saint-Émilion','2017','Bottle',261.00,1,'Refined Saint-Émilion with plum, black cherry and mineral notes, silky tannins and persistent finish.',20,16,14,12,1),(201,1,'Château Batailley 5ème Cru Classé Pauillac','red','Cabernet Sauvignon Blend','France','Pauillac','2009','Bottle',275.00,1,'Mature Pauillac with cassis, graphite and cedar complexity, powerful tannins and long steak-friendly finish.',20,18,16,12,1),(202,1,'Margaux du Château Margaux','red','Cabernet Sauvignon Blend','France','Margaux','2015','Bottle',297.00,1,'Elegant Margaux with cassis, violet and fine cedar notes, silky tannins and graceful length.',20,16,14,12,1),(203,1,'Château Pavie Macquin 1er Grand Cru Classé Saint-Émilion','red','Merlot Blend','France','Saint-Émilion','2016','Bottle',305.00,1,'Powerful Saint-Émilion with black plum, cocoa and spice notes, dense tannins and long finish.',20,17,15,12,1),(204,1,'Château Talbot 4ème Grand Cru Classé Saint-Julien','red','Cabernet Sauvignon Blend','France','Saint-Julien','2009','Bottle',310.00,1,'Mature Saint-Julien with cassis, tobacco and cedar notes, polished tannins and savoury persistence.',20,17,15,12,1),(205,1,'Alter Ego de Château Palmer Margaux','red','Cabernet Sauvignon Blend','France','Margaux','2019','Bottle',361.00,1,'Luxurious Margaux with black fruit, violet and cedar notes, silky tannins and elegant persistence.',20,17,15,12,1),(206,1,'Château Giscours 3ème Cru Classé Margaux','red','Cabernet Sauvignon Blend','France','Margaux','2010','Bottle',378.00,1,'Structured Margaux with cassis, graphite and floral notes, firm tannins and impressive length.',20,17,16,12,1),(207,1,'Château Rauzan-Ségla 2ème Cru Classé Margaux','red','Cabernet Sauvignon Blend','France','Margaux','2012','Bottle',380.00,1,'Refined Margaux with blackcurrant, violet and cedar complexity, polished tannins and long elegant finish.',20,17,15,12,1),(208,1,'Château Giscours 3ème Cru Classé Margaux','red','Cabernet Sauvignon Blend','France','Margaux','2005','Bottle',385.00,1,'Mature Margaux with cassis, leather and cedar complexity, resolved tannins and long savoury finish.',20,17,15,11,1),(209,1,'Château Pontet-Canet 5ème Cru Classé Pauillac','red','Cabernet Sauvignon Blend','France','Pauillac','2008','Bottle',395.00,1,'Powerful Pauillac with cassis, graphite and cedar notes, firm tannins and long mineral finish.',20,18,17,12,1),(210,1,'Château Léoville Barton 2ème Cru Classé Saint-Julien','red','Cabernet Sauvignon Blend','France','Saint-Julien','2006','Bottle',410.00,1,'Classic Saint-Julien with cassis, cigar box and graphite notes, firm tannins and long structured finish.',20,18,17,13,1),(211,1,'Château La Lagune 3ème Cru Classé Haut-Médoc','red','Cabernet Sauvignon Blend','France','Haut-Médoc','2009','Bottle',415.00,1,'Mature Haut-Médoc with blackcurrant, cedar and tobacco notes, polished tannins and savoury length.',20,17,15,12,1),(212,1,'Château Talbot 4ème Grand Cru Classé Saint-Julien','red','Cabernet Sauvignon Blend','France','Saint-Julien','2005','Bottle',420.00,1,'Mature Saint-Julien with cassis, cedar and leather complexity, refined tannins and long finish.',20,17,15,12,1),(213,1,'Château Pontet-Canet 5ème Cru Classé Pauillac','red','Cabernet Sauvignon Blend','France','Pauillac','2006','Bottle',432.00,1,'Powerful Pauillac with blackcurrant, graphite and tobacco notes, firm tannins and savoury persistence.',20,18,17,12,1),(214,1,'Château Talbot 4ème Grand Cru Classé Saint-Julien','red','Cabernet Sauvignon Blend','France','Saint-Julien','2000','Bottle',445.00,1,'Mature Saint-Julien with cassis, cedar and earthy complexity, polished tannins and elegant length.',20,17,15,11,1),(215,1,'Château Lynch-Bages 5ème Cru Classé Pauillac','red','Cabernet Sauvignon Blend','France','Pauillac','2003','Bottle',470.00,1,'Powerful Pauillac with cassis, cedar and graphite notes, firm tannins and long steak-friendly finish.',20,18,17,12,1),(216,1,'Château Lynch-Bages 5ème Cru Classé Pauillac','red','Cabernet Sauvignon Blend','France','Pauillac','2015','Bottle',475.00,1,'Structured Pauillac with blackcurrant, cedar and graphite notes, muscular tannins and exceptional length for prime beef.',20,18,18,13,1),(217,1,'Château Léoville Barton 2ème Cru Classé Saint-Julien','red','Cabernet Sauvignon Blend','France','Saint-Julien','2015','Bottle',480.00,1,'Grand Saint-Julien with cassis, graphite and cedar complexity, firm tannins and long refined finish.',20,18,18,13,1),(218,1,'Château Léoville Barton 2ème Cru Classé Saint-Julien','red','Cabernet Sauvignon Blend','France','Saint-Julien','2000','Bottle',495.00,1,'Mature Saint-Julien with cassis, cigar box and graphite notes, resolved tannins and long savoury depth.',20,18,16,12,1),(219,1,'Château Pontet-Canet 5ème Cru Classé Pauillac','red','Cabernet Sauvignon Blend','France','Pauillac','2015','Bottle',525.00,1,'Powerful Pauillac with cassis, graphite and mineral depth, firm tannins and exceptional steak-friendly length.',20,18,18,13,1),(220,1,'Château Figeac Premier Grand Cru Classé Saint-Émilion','red','Cabernet Franc/Merlot/Cabernet Sauvignon','France','Saint-Émilion','2011','Bottle',535.00,1,'Complex Saint-Émilion with black fruit, cedar and graphite notes, refined tannins and elegant persistence.',20,17,15,13,1),(221,1,'Château Ducru-Beaucaillou 2ème Cru Classé Saint-Julien','red','Cabernet Sauvignon Blend','France','Saint-Julien','1996','Bottle',583.00,1,'Mature Saint-Julien with cassis, cedar and tobacco complexity, refined tannins and exceptional savoury length.',20,18,16,12,1),(222,1,'Château Lynch-Bages 5ème Cru Classé Pauillac','red','Cabernet Sauvignon Blend','France','Pauillac','2017','Bottle',649.00,1,'Classic Pauillac with cassis, graphite and cedar notes, firm tannins and long structured finish.',20,18,17,13,1),(223,1,'Château Lynch-Bages 5ème Cru Classé Pauillac','red','Cabernet Sauvignon Blend','France','Pauillac','2005','Bottle',700.00,1,'Mature Pauillac with blackcurrant, cedar and graphite complexity, powerful tannins and exceptional finish for prime steak.',20,18,17,12,1),(224,1,'Château La Fleur-Pétrus Pomerol','red','Merlot Blend','France','Pomerol','2015','Bottle',735.00,1,'Luxurious Pomerol with plum, truffle and mocha notes, velvety tannins and long polished finish.',20,17,14,12,1),(225,1,'Château Léoville Barton 2ème Cru Classé Saint-Julien','red','Cabernet Sauvignon Blend','France','Saint-Julien','2009','Bottle',740.00,1,'Grand Saint-Julien with cassis, graphite and cedar complexity, powerful tannins and exceptional length.',20,18,17,13,1),(226,1,'Château Léoville-Las Cases 2ème Cru Classé Saint-Julien','red','Cabernet Sauvignon Blend','France','Saint-Julien','1998','Bottle',820.00,1,'Mature Saint-Julien with blackcurrant, graphite and cigar box notes, firm tannins and outstanding persistence.',20,18,17,12,1),(227,1,'Le Petit Mouton de Mouton Rothschild Pauillac','red','Cabernet Sauvignon Blend','France','Pauillac','2021','Bottle',830.00,1,'Refined Pauillac with cassis, cedar and graphite notes, firm tannins and long polished finish.',20,18,17,13,1),(228,1,'Château Palmer 3ème Cru Classé Margaux','red','Cabernet Sauvignon Blend','France','Margaux','1995','Bottle',850.00,1,'Mature Margaux with cassis, violet and truffle complexity, silky tannins and remarkable savoury length.',20,18,16,12,1),(229,1,'Pavillon Rouge de Château Margaux Margaux','red','Cabernet Sauvignon Blend','France','Margaux','2009','Bottle',857.00,1,'Elegant Margaux with blackcurrant, violet and cedar complexity, polished tannins and long graceful finish.',20,17,15,12,1),(230,1,'Les Forts de Latour Pauillac','red','Cabernet Sauvignon Blend','France','Pauillac','2016','Bottle',885.00,1,'Powerful Pauillac with cassis, graphite and cedar notes, dense tannins and long structured finish.',20,18,18,13,1),(231,1,'Château Ducru-Beaucaillou 2ème Cru Classé Saint-Julien','red','Cabernet Sauvignon Blend','France','Saint-Julien','2000','Bottle',890.00,1,'Mature Saint-Julien with cassis, cedar and tobacco notes, refined tannins and exceptional length.',20,18,16,12,1),(232,1,'Château Lynch-Bages 5ème Cru Classé Pauillac','red','Cabernet Sauvignon Blend','France','Pauillac','2000','Bottle',965.00,1,'Mature Pauillac with blackcurrant, graphite and cedar depth, powerful structure and outstanding steak pairing length.',20,18,17,12,1),(233,1,'Château Palmer 10 Years On 3ème Cru Classé Margaux','red','Cabernet Sauvignon Blend','France','Margaux','2012','Bottle',1250.00,1,'Refined Margaux with cassis, violet and savoury cedar notes, silky tannins and exceptional length.',20,18,16,12,1),(234,1,'Château Mouton Rothschild 1er Cru Classé Pauillac','red','Cabernet Sauvignon Blend','France','Pauillac','1999','Bottle',1350.00,1,'Iconic Pauillac with cassis, graphite and tobacco complexity, powerful tannins and extraordinary length.',20,19,18,12,1),(235,1,'Château Palmer 3ème Cru Classé Margaux','red','Cabernet Sauvignon Blend','France','Margaux','2000','Bottle',1500.00,1,'Grand Margaux with black fruit, violet and truffle complexity, silky tannins and immense persistence.',20,18,17,12,1),(236,1,'Château Haut-Brion 1er Cru Classé Pessac-Léognan','red','Cabernet Sauvignon Blend','France','Pessac-Léognan','1999','Bottle',1600.00,1,'Legendary Graves with cassis, smoke and graphite complexity, refined tannins and exceptional savoury length.',20,18,17,13,1),(237,1,'Château Palmer 3ème Cru Classé Margaux','red','Cabernet Sauvignon Blend','France','Margaux','2010','Bottle',1800.00,1,'Powerful Margaux with cassis, violet and cedar depth, firm polished tannins and extraordinary finish.',20,18,17,13,1),(238,1,'Château Mouton Rothschild 1er Cru Classé Pauillac','red','Cabernet Sauvignon Blend','France','Pauillac','2014','Bottle',1815.00,1,'Iconic Pauillac with cassis, graphite and cedar notes, powerful tannins and exceptional length.',20,19,18,13,1),(239,1,'Château Latour 1er Cru Classé Pauillac','red','Cabernet Sauvignon Blend','France','Pauillac','2006','Bottle',1950.00,1,'Monumental Pauillac with blackcurrant, graphite and cedar complexity, immense tannic structure and extraordinary finish.',20,20,19,13,1),(240,1,'Château Latour 1er Cru Classé Pauillac','red','Cabernet Sauvignon Blend','France','Pauillac','2012','Bottle',2320.00,1,'Grand Pauillac with cassis, graphite and mineral depth, powerful tannins and exceptional long finish.',20,20,19,13,1),(241,1,'Château Lafite Rothschild 1er Cru Classé Pauillac','red','Cabernet Sauvignon Blend','France','Pauillac','1998','Bottle',2940.00,1,'Elegant first-growth Pauillac with cassis, cedar and graphite complexity, refined tannins and extraordinary persistence.',20,18,17,13,1),(242,1,'Château Margaux 1er Cru Classé Margaux','red','Cabernet Sauvignon Blend','France','Margaux','2005','Bottle',2970.00,1,'Legendary Margaux with blackcurrant, violet and cedar complexity, silky tannins and exceptional length.',20,18,17,13,1),(243,1,'Château Cheval Blanc 1er Grand Cru Classé A Saint-Émilion','red','Cabernet Franc/Merlot','France','Saint-Émilion','2016','Bottle',3175.00,1,'Iconic Saint-Émilion with plum, violet and graphite notes, refined tannins and extraordinary persistence.',20,18,16,13,1),(244,1,'Château Cheval Blanc 1er Grand Cru Classé A Saint-Émilion','red','Cabernet Franc/Merlot','France','Saint-Émilion','2005','Bottle',3250.00,1,'Grand Saint-Émilion with dark fruit, cedar and floral complexity, powerful yet refined tannins and immense length.',20,18,17,13,1),(245,1,'Château Lafite Rothschild 1er Cru Classé Pauillac','red','Cabernet Sauvignon Blend','France','Pauillac','2009','Bottle',4800.00,1,'Legendary Pauillac with cassis, graphite and cedar precision, refined tannins and extraordinary long finish.',20,18,17,13,1),(246,1,'Château Pétrus Pomerol','red','Merlot','France','Pomerol','1996','Bottle',7000.00,1,'Legendary Pomerol with plum, truffle and mocha complexity, velvety tannins and extraordinary depth.',20,18,15,12,1),(247,1,'Château Pétrus Pomerol','red','Merlot','France','Pomerol','2000','Bottle',17000.00,1,'Iconic Pomerol with dense plum, truffle and chocolate complexity, profound texture and exceptional persistence.',20,19,16,12,1),(248,1,'Beaujolais Villages Domaine Grands Bleus de Bel Air','red','Gamay','France','Beaujolais','2023','Bottle',46.00,1,'Juicy Beaujolais with red cherry, raspberry and floral notes, soft tannins and vibrant freshness.',20,8,5,13,1),(249,1,'Fleurie Granits Rose Domaine de Bel Air','red','Gamay','France','Beaujolais','2024','Bottle',59.00,1,'Elegant Fleurie with wild strawberry, violet and mineral notes, silky texture and fresh acidity.',20,8,5,14,1),(250,1,'Saint-Romain La Perrière Domaine Billard','red','Pinot Noir','France','Burgundy','2020','Bottle',82.00,1,'Refined Pinot Noir with cherry, cranberry and earthy spice notes, fine tannins and bright acidity.',20,9,7,13,1),(251,1,'Mercurey Vieilles Vignes Château Philippe le Hardi','red','Pinot Noir','France','Burgundy','2022','Bottle',93.00,1,'Classic Mercurey with red cherry, forest floor and spice notes, elegant tannins and savoury finish.',20,10,8,13,1),(252,1,'Maranges 1er Cru Clos du Roussots Domaine Doudet Naudin','red','Pinot Noir','France','Burgundy','2023','Bottle',104.00,1,'Structured Burgundy with raspberry, cherry and earthy minerality, refined tannins and fresh finish.',20,10,8,13,1),(253,1,'Mercurey Vieilles Vignes François Raquillet','red','Pinot Noir','France','Burgundy','2022','Bottle',108.00,1,'Elegant Pinot Noir with red berry, spice and earthy complexity, smooth tannins and balanced acidity.',20,10,7,13,1),(254,1,'Rully 1er Cru Molesme Jean-Baptiste Ponsot','red','Pinot Noir','France','Burgundy','2023','Bottle',112.00,1,'Fresh Burgundy Pinot Noir with cherry, cranberry and savoury spice, vibrant acidity and silky finish.',20,9,7,14,1),(255,1,'Marsannay Cuvée Marie Ragonneau Domaine Audoin','red','Pinot Noir','France','Burgundy','2023','Bottle',119.00,1,'Textured Marsannay with red cherry, spice and mineral notes, fine tannins and elegant freshness.',20,10,8,13,1),(256,1,'Savigny-lès-Beaune Domaine Simon Bize','red','Pinot Noir','France','Burgundy','2020','Bottle',129.00,1,'Perfumed Pinot Noir with cherry, rose petal and earthy notes, silky tannins and refined finish.',20,10,7,13,1),(257,1,'Volnay Joseph Drouhin','red','Pinot Noir','France','Burgundy','2021','Bottle',150.00,1,'Elegant Volnay with red berry, floral and spice notes, supple tannins and graceful structure.',20,10,7,14,1),(258,1,'Santenay Premier Cru Clos des Tavannes Domaine La Pousse','red','Pinot Noir','France','Burgundy','2023','Bottle',194.00,1,'Structured Santenay with cherry, cranberry and earthy spice, firm fine tannins and mineral freshness.',20,11,8,13,1),(259,1,'Vosne-Romanée Les Chalandins J. Cacheux','red','Pinot Noir','France','Burgundy','2021','Bottle',195.00,1,'Silky Vosne-Romanée with red cherry, spice and floral notes, refined tannins and elegant persistence.',20,11,8,13,1),(260,1,'Pommard Les Cras Domaine de Montille','red','Pinot Noir','France','Burgundy','2020','Bottle',205.00,1,'Firm Pommard with dark cherry, earth and spice notes, structured tannins and savoury finish.',20,12,10,13,1),(261,1,'Nuits-Saint-Georges Domaine des Perdrix','red','Pinot Noir','France','Burgundy','2020','Bottle',240.00,1,'Structured Nuits-Saint-Georges with cherry, blackberry and earthy spice, firm tannins and long finish.',20,12,10,13,1),(262,1,'Nuits-Saint-Georges 1er Cru Aux Perdrix Domaine des Perdrix','red','Pinot Noir','France','Burgundy','2015','Bottle',300.00,1,'Complex Premier Cru Burgundy with dark cherry, forest floor and spice, refined tannins and long persistence.',20,12,10,13,1),(263,1,'Morey-Saint-Denis Domaine Dujac','red','Pinot Noir','France','Burgundy','2016','Bottle',400.00,1,'Elegant Morey-Saint-Denis with cherry, rose and earthy spice, silky tannins and refined mineral length.',20,11,8,13,1),(264,1,'Volnay 1er Cru Fremiets Domaine Marquis d’Angerville','red','Pinot Noir','France','Burgundy','2009','Bottle',435.00,1,'Mature Volnay with red cherry, floral and forest floor complexity, silky tannins and graceful length.',20,11,8,12,1),(265,1,'Chambolle-Musigny Domaine Dujac','red','Pinot Noir','France','Burgundy','2016','Bottle',700.00,1,'Perfumed Chambolle-Musigny with raspberry, violet and spice notes, silky tannins and exceptional elegance.',20,11,8,13,1),(266,1,'Corton Grand Cru Cuvée du Bourdon Domaine Ponsot','red','Pinot Noir','France','Burgundy','2015','Bottle',790.00,1,'Powerful Grand Cru Burgundy with dark cherry, earth and spice complexity, firm tannins and long finish.',20,13,11,13,1),(267,1,'Vosne-Romanée 1er Cru Les Beaux Monts Domaine Dujac','red','Pinot Noir','France','Burgundy','2016','Bottle',1100.00,1,'Grand Premier Cru Burgundy with red fruit, exotic spice and floral complexity, silky tannins and exceptional length.',20,12,9,13,1),(268,1,'Clos de la Roche Grand Cru Domaine Ponsot','red','Pinot Noir','France','Burgundy','2014','Bottle',1380.00,1,'Profound Grand Cru Burgundy with dark cherry, spice and earthy complexity, firm tannins and extraordinary persistence.',20,13,11,13,1),(269,1,'Côtes du Rhône Parallèle 45 Paul Jaboulet Aîné','red','GSM Blend','France','Rhône','2023','Bottle',39.00,1,'Juicy Rhône blend with blackberry, pepper and herbaceous spice, medium tannins and savoury finish.',20,13,10,11,1),(270,1,'Gigondas Pierre Aiguille Paul Jaboulet Aîné','red','GSM Blend','France','Rhône','2022','Bottle',79.00,1,'Powerful Gigondas with blackberry, liquorice and garrigue notes, firm tannins and warming finish.',20,16,13,10,1),(271,1,'Crozes-Hermitage Domaine des Grands Chemins Delas Frères','red','Syrah','France','Rhône','2021','Bottle',92.00,1,'Peppery Syrah with blackberry, smoked meat and violet notes, refined tannins and savoury finish.',20,15,13,11,1),(272,1,'Crozes-Hermitage Domaine Thalabert Paul Jaboulet Aîné','red','Syrah','France','Rhône','2020','Bottle',93.00,1,'Structured Syrah with dark berry, black pepper and smoked spice notes, balanced tannins and long finish.',20,16,14,11,1),(273,1,'Châteauneuf-du-Pape Les Cèdres Paul Jaboulet Aîné','red','GSM Blend','France','Rhône','2022','Bottle',102.00,1,'Rich Châteauneuf-du-Pape with black fruit, spice and herbal complexity, broad palate and warming finish.',20,17,13,10,1),(274,1,'Saint-Joseph Cuvée du Papy Domaine du Monteillet Stéphane Montez','red','Syrah','France','Rhône','2022','Bottle',111.00,1,'Elegant Northern Rhône Syrah with blackberry, olive and pepper notes, refined tannins and fresh acidity.',20,15,13,12,1),(275,1,'Gigondas Réserve Domaine des Bosquets','red','GSM Blend','France','Rhône','2021','Bottle',113.00,1,'Concentrated Rhône blend with dark berry, spice and garrigue notes, structured tannins and savoury finish.',20,16,13,10,1),(276,1,'Châteauneuf-du-Pape Château de Vaudieu','red','GSM Blend','France','Rhône','2021','Bottle',129.00,1,'Full-bodied Châteauneuf-du-Pape with ripe black fruit, spice and garrigue, rounded tannins and rich finish.',20,17,13,10,1),(277,1,'Cornas Chante Perdrix Delas Frères','red','Syrah','France','Rhône','2020','Bottle',136.00,1,'Powerful Cornas with blackberry, smoked meat and black pepper notes, firm tannins and long finish.',20,18,16,11,1),(278,1,'Cornas Saint Pierre Paul Jaboulet Aîné','red','Syrah','France','Rhône','2020','Bottle',155.00,1,'Dense Cornas with dark fruit, smoke and pepper notes, muscular tannins and long savoury finish.',20,18,16,11,1),(279,1,'Côte-Rôtie Les Jumelles Paul Jaboulet Aîné','red','Syrah','France','Rhône','2017','Bottle',168.00,1,'Complex Côte-Rôtie with dark berry, violet and smoked spice notes, silky tannins and elegant structure.',20,17,15,12,1),(280,1,'Domaine des Sénéchaux Châteauneuf-du-Pape','red','GSM Blend','France','Rhône','2017','Bottle',213.00,1,'Mature Châteauneuf-du-Pape with dark fruit, spice and garrigue complexity, broad body and long finish.',20,17,13,10,1),(281,1,'Clos de l’Oratoire des Papes Châteauneuf-du-Pape','red','GSM Blend','France','Rhône','2016','Bottle',246.00,1,'Layered Châteauneuf-du-Pape with blackberry, liquorice and herb notes, smooth tannins and warming finish.',20,17,13,10,1),(282,1,'Châteauneuf-du-Pape Château de Nalys','red','GSM Blend','France','Rhône','2017','Bottle',251.00,1,'Structured Châteauneuf-du-Pape with ripe black fruit, spice and savoury herbs, generous body and persistent finish.',20,17,13,10,1),(283,1,'Châteauneuf-du-Pape Château de Beaucastel','red','GSM/Mourvèdre Blend','France','Rhône','2005','Bottle',525.00,1,'Iconic Châteauneuf-du-Pape with dark fruit, leather and garrigue complexity, firm tannins and exceptional length.',20,18,15,11,1),(284,1,'L’Ermite Ermitage Michel Chapoutier','red','Syrah','France','Rhône','2004','Bottle',570.00,1,'Powerful Hermitage Syrah with blackberry, smoke and mineral depth, immense tannins and extraordinary finish.',20,19,18,12,1),(285,1,'Le Méal Ermitage M. Chapoutier','red','Syrah','France','Rhône','2004','Bottle',590.00,1,'Grand Hermitage with black fruit, spice and smoky mineral notes, powerful tannins and exceptional length.',20,19,18,12,1),(286,1,'Hermitage Les Bessards Delas Frères','red','Syrah','France','Rhône','2015','Bottle',610.00,1,'Concentrated Hermitage with blackberry, pepper and smoked meat notes, firm tannins and long mineral finish.',20,19,18,12,1),(287,1,'Hermitage Les Bessards Delas Frères','red','Syrah','France','Rhône','2010','Bottle',680.00,1,'Mature Hermitage with black fruit, leather and smoky spice complexity, muscular tannins and immense persistence.',20,19,18,12,1),(288,1,'Côte-Rôtie La Turque Guigal','red','Syrah/Viognier','France','Rhône','2004','Bottle',690.00,1,'Legendary Côte-Rôtie with dark berry, violet and smoked bacon complexity, silky tannins and extraordinary length.',20,18,16,12,1),(289,1,'Côte-Rôtie La Mouline Guigal','red','Syrah/Viognier','France','Rhône','2004','Bottle',710.00,1,'Elegant Côte-Rôtie with raspberry, violet and smoky spice complexity, silky tannins and exceptional persistence.',20,18,15,12,1),(290,1,'Cornas Domaine Auguste Clape','red','Syrah','France','Rhône','2010','Bottle',800.00,1,'Monumental Cornas with blackberry, smoke and pepper complexity, powerful tannins and extraordinary savoury length.',20,19,18,12,1),(291,1,'Merlot Les Coches J. Moreau & Fils','red','Merlot','France','Languedoc','2023','Bottle',39.00,1,'Soft Merlot with plum, cherry and gentle spice notes, smooth tannins and rounded finish for casual steak dishes.',20,12,9,9,1),(292,1,'L’Orangeraie Malbec','red','Malbec','France','Languedoc','2022','Bottle',40.00,1,'Juicy southern French Malbec with plum, blackberry and spice notes, medium-full body and smooth tannins.',20,14,12,10,1),(293,1,'Pinot Noir Doudet-Naudin Languedoc','red','Pinot Noir','France','Languedoc','2023','Bottle',46.00,1,'Light Pinot Noir with cherry, raspberry and earthy spice notes, soft tannins and fresh acidity.',20,8,6,12,1),(294,1,'La Bargemone Coteaux d’Aix-en-Provence','red','Grenache/Syrah Blend','France','Provence','2022','Bottle',49.00,1,'Mediterranean red with red fruit, herbs and spice notes, medium body and savoury finish for grilled meats.',20,13,10,11,1),(295,1,'Cahors La Roque Malbec Mas del Périé','red','Malbec','France','Cahors','2022','Bottle',71.00,1,'Structured Cahors Malbec with black plum, violet and earthy spice, firm tannins and a steak-friendly finish.',20,16,15,11,1),(296,1,'Montepulciano d’Abruzzo Zagalia','red','Montepulciano','Italy','Abruzzo','2024','Bottle',39.00,1,'Juicy Abruzzo red with plum, cherry and soft spice, medium body and smooth tannins for grilled meats.',20,13,10,10,1),(297,1,'Vesevo Beneventano Aglianico','red','Aglianico','Italy','Campania','2023','Bottle',44.00,1,'Dark-fruited Aglianico with black cherry, leather and spice, firm tannins and savoury steak-friendly length.',20,15,14,12,1),(298,1,'Primanero Appassimento Cantine Paolo Leo','red','Negroamaro Blend','Italy','Puglia','2022','Bottle',46.00,1,'Rich Puglian Appassimento with dried cherry, plum and sweet spice, full body and soft tannins for grilled meats.',20,16,11,8,3),(299,1,'Cantina Atzei Saragat Monica','red','Monica','Italy','Sardinia','2023','Bottle',47.00,1,'Fresh Sardinian red with red cherry, herbs and gentle spice, soft tannins and a smooth savoury finish.',20,12,8,11,1),(300,1,'Nespoli Sangiovese Superiore Riserva Poderi dal Nespoli','red','Sangiovese','Italy','Emilia-Romagna','2021','Bottle',56.00,1,'Savoury Sangiovese with cherry, dried herbs and leather notes, firm acidity and balanced tannins for steak.',20,14,12,14,1),(301,1,'Di Majo Norante Contado Riserva','red','Aglianico','Italy','Molise','2019','Bottle',61.00,1,'Structured Aglianico with dark cherry, tobacco and earthy spice, firm tannins and a long savoury finish.',20,15,14,12,1),(302,1,'Vesevo Ensis Taurasi Aglianico','red','Aglianico','Italy','Campania','2013','Bottle',84.00,1,'Mature Taurasi with black fruit, leather and volcanic spice, powerful tannins and long steak-friendly depth.',20,17,17,13,1),(303,1,'Antonella Corda Cannonau di Sardegna','red','Cannonau','Italy','Sardinia','2022','Bottle',91.00,1,'Generous Cannonau with ripe raspberry, herbs and Mediterranean spice, rounded tannins and a warm savoury finish.',20,15,11,10,1),(304,1,'Valpolicella Superiore Ripasso Pietro Zardini','red','Corvina Blend','Italy','Veneto','2022','Bottle',62.00,1,'Rich Ripasso with dark cherry, raisin and spice notes, medium-full body and smooth tannins for roast meats.',20,15,11,10,2),(305,1,'Amarone della Valpolicella Classico Allegrini','red','Corvina Blend','Italy','Veneto','2019','Bottle',213.00,1,'Powerful Amarone with dried cherry, fig and dark chocolate, full body and warming finish for rich beef dishes.',20,19,13,10,5),(306,1,'Valpolicella Classico Superiore Giuseppe Quintarelli','red','Corvina Blend','Italy','Veneto','2012','Bottle',270.00,1,'Complex Valpolicella with cherry, tobacco and dried herb notes, elegant structure and long savoury persistence.',20,16,12,12,2),(307,1,'Rosso del Bepi Giuseppe Quintarelli','red','Corvina Blend','Italy','Veneto','2005','Bottle',550.00,1,'Iconic Veneto red with dried fruit, spice and savoury depth, powerful texture and remarkable long finish.',20,18,13,11,4),(308,1,'Nero d’Avola Cartagho Mandarossa','red','Nero d’Avola','Italy','Sicily','2020','Bottle',89.00,1,'Bold Sicilian Nero d’Avola with black cherry, plum and spice, full body and smooth steak-friendly tannins.',20,16,12,10,1),(309,1,'Idda Etna Rosso Gaja & Graci','red','Nerello Mascalese','Italy','Etna','2021','Bottle',120.00,1,'Volcanic Etna Rosso with red cherry, smoke and mineral notes, fine tannins and bright acidity.',20,13,10,15,1),(310,1,'Etna Rosso Caldarara Sottana Tenuta delle Terre Nere','red','Nerello Mascalese','Italy','Etna','2021','Bottle',150.00,1,'Elegant Etna Rosso with cherry, dried herbs and volcanic minerality, fine tannins and long fresh finish.',20,13,11,15,1),(311,1,'Barbera d’Asti Le Pole Di Nizza','red','Barbera','Italy','Piedmont','2023','Bottle',50.00,1,'Fresh Barbera with sour cherry, plum and spice, bright acidity and soft tannins for tomato or grilled dishes.',20,12,8,15,1),(312,1,'Langhe Nebbiolo Plan Dellemole Giulia Negri','red','Nebbiolo','Italy','Piedmont','2022','Bottle',90.00,1,'Elegant Langhe Nebbiolo with rose, cherry and tar notes, firm tannins and bright acidity for lean beef.',20,14,15,15,1),(313,1,'Barolo Camilla Bruna Grimaldi','red','Nebbiolo','Italy','Piedmont','2021','Bottle',105.00,1,'Classic Barolo with rose petal, cherry and tar, powerful tannins and long structured finish for steak.',20,17,18,15,1),(314,1,'Barbaresco Massolino','red','Nebbiolo','Italy','Piedmont','2020','Bottle',127.00,1,'Refined Barbaresco with red cherry, rose and spice notes, firm tannins and elegant savoury persistence.',20,16,17,15,1),(315,1,'Barolo Massolino','red','Nebbiolo','Italy','Piedmont','2020','Bottle',139.00,1,'Structured Barolo with cherry, tar and dried rose complexity, high tannins and a long mineral finish.',20,17,18,15,1),(316,1,'Barolo Ravera Elvio Cogno','red','Nebbiolo','Italy','Piedmont','2018','Bottle',233.00,1,'Complex Barolo Ravera with red fruit, rose and spice, intense tannins and refined long ageing structure.',20,17,18,16,1),(317,1,'Barolo Bricco delle Viole G.D. Vajra','red','Nebbiolo','Italy','Piedmont','2019','Bottle',234.00,1,'Perfumed Barolo with cherry, violet and tar notes, powerful tannins and exceptional freshness and length.',20,17,18,16,1),(318,1,'Barolo Ornato Pio Cesare','red','Nebbiolo','Italy','Piedmont','2017','Bottle',380.00,1,'Powerful Barolo with dark cherry, liquorice and rose notes, muscular tannins and a long structured finish.',20,18,19,15,1),(319,1,'Barolo Conteisa Gaja','red','Nebbiolo','Italy','Piedmont','2015','Bottle',715.00,1,'Prestige Nebbiolo with rose, cherry and savoury spice, refined power, firm tannins and exceptional persistence.',20,18,18,15,1),(320,1,'Chianti Classico Fonterutoli Mazzei','red','Sangiovese','Italy','Tuscany','2022','Bottle',67.00,1,'Bright Chianti Classico with cherry, dried herbs and savoury spice, firm acidity and refined tannins.',20,14,13,15,1),(321,1,'Le Volte dell’Ornellaia Bolgheri','red','Merlot/Sangiovese/Cabernet Sauvignon','Italy','Bolgheri','2023','Bottle',87.00,1,'Polished Bolgheri blend with red fruit, plum and spice, smooth tannins and a generous modern finish.',20,15,12,12,1),(322,1,'Le Difese Tenuta San Guido','red','Cabernet Sauvignon/Sangiovese','Italy','Tuscany','2022','Bottle',92.00,1,'Elegant Tuscan blend with cherry, cassis and cedar notes, balanced tannins and savoury steak-friendly structure.',20,15,13,13,1),(323,1,'Villa di Capezzana Carmignano Capezzana','red','Sangiovese/Cabernet Sauvignon','Italy','Carmignano','2020','Bottle',96.00,1,'Classic Carmignano with cherry, cassis and tobacco notes, firm acidity and refined tannins for grilled beef.',20,15,14,14,1),(324,1,'Chianti Classico Fontodi','red','Sangiovese','Italy','Tuscany','2021','Bottle',100.00,1,'Structured Chianti Classico with cherry, leather and dried herbs, bright acidity and firm savoury tannins.',20,15,14,15,1),(325,1,'Rosso di Montalcino Tenuta le Potazzine','red','Sangiovese','Italy','Montalcino','2021','Bottle',120.00,1,'Elegant Rosso di Montalcino with cherry, violet and earthy spice, fresh acidity and fine tannins.',20,14,13,15,1),(326,1,'Marchese Antinori Chianti Classico Riserva Tenuta Tignanello','red','Sangiovese','Italy','Tuscany','2021','Bottle',121.00,1,'Refined Chianti Riserva with black cherry, tobacco and spice, firm acidity and polished steak-friendly tannins.',20,15,14,15,1),(327,1,'Brunello di Montalcino Castello Banfi','red','Sangiovese','Italy','Montalcino','2019','Bottle',125.00,1,'Structured Brunello with dark cherry, leather and tobacco notes, firm tannins and long savoury finish.',20,17,16,15,1),(328,1,'Guidalberto Tenuta San Guido','red','Cabernet Sauvignon/Merlot','Italy','Tuscany','2022','Bottle',145.00,1,'Polished Tuscan Cabernet blend with cassis, plum and cedar notes, refined tannins and a long smooth finish.',20,16,15,12,1),(329,1,'Villa di Capezzana Carmignano Capezzana','red','Sangiovese/Cabernet Sauvignon','Italy','Carmignano','2012','Bottle',161.00,1,'Mature Carmignano with cherry, tobacco and cedar complexity, firm tannins and savoury Tuscan freshness.',20,15,14,13,1),(330,1,'Vino Nobile di Montepulciano Asinone Poliziano','red','Sangiovese','Italy','Montepulciano','2020','Bottle',166.00,1,'Powerful Vino Nobile with dark cherry, spice and leather, firm tannins and bright acidity for beef.',20,16,15,15,1),(331,1,'Le Serre Nuove dell’Ornellaia Bolgheri','red','Merlot/Cabernet Sauvignon Blend','Italy','Bolgheri','2020','Bottle',171.00,1,'Luxurious Bolgheri blend with cassis, plum and mocha, polished tannins and long modern finish.',20,17,15,12,1),(332,1,'Fontalloro Felsina Berardenga','red','Sangiovese','Italy','Tuscany','2018','Bottle',174.00,1,'Powerful pure Sangiovese with cherry, earth and tobacco notes, firm acidity and long structured tannins.',20,16,15,15,1),(333,1,'Brunello di Montalcino Tenuta le Potazzine','red','Sangiovese','Italy','Montalcino','2017','Bottle',262.00,1,'Elegant Brunello with dark cherry, dried herbs and leather, firm tannins and a long savoury finish.',20,17,16,15,1),(334,1,'Poggio al Vento Brunello di Montalcino Riserva','red','Sangiovese','Italy','Montalcino','2010','Bottle',410.00,1,'Mature Brunello Riserva with cherry, tobacco and balsamic spice, powerful tannins and exceptional persistence.',20,18,17,15,1),(335,1,'Brunello di Montalcino Biondi-Santi','red','Sangiovese','Italy','Montalcino','2017','Bottle',565.00,1,'Legendary Brunello with red cherry, tea and savoury earth, firm acidity and extraordinary graceful length.',20,17,16,16,1),(336,1,'Il Cagio IPSUS Chianti Classico Gran Selezione','red','Sangiovese','Italy','Tuscany','2019','Bottle',1220.00,1,'Prestige Sangiovese with cherry, violet and mineral spice, refined tannins and exceptional long Tuscan finish.',20,17,16,16,1),(337,1,'Cepparello Isole e Olena','red','Sangiovese','Italy','Tuscany','2020','Bottle',342.00,1,'Iconic Sangiovese with cherry, tobacco and floral spice, vibrant acidity, firm tannins and long refined finish.',20,17,16,15,1),(338,1,'Flaccianello della Pieve Fontodi','red','Sangiovese','Italy','Tuscany','2017','Bottle',370.00,1,'Powerful Super Tuscan Sangiovese with black cherry, leather and spice, firm tannins and impressive length.',20,18,17,15,1),(339,1,'Flaccianello della Pieve Fontodi','red','Sangiovese','Italy','Tuscany','2018','Bottle',505.00,1,'Structured Super Tuscan with cherry, tobacco and mineral notes, intense tannins and long savoury persistence.',20,18,17,15,1),(340,1,'Ornellaia Bolgheri Superiore','red','Cabernet Sauvignon/Merlot Blend','Italy','Bolgheri','2017','Bottle',568.00,1,'Luxurious Bolgheri red with cassis, plum and cedar, powerful polished tannins and exceptional steak-friendly length.',20,18,17,13,1),(341,1,'Ornellaia Bolgheri Superiore','red','Cabernet Sauvignon/Merlot Blend','Italy','Bolgheri','2014','Bottle',580.00,1,'Elegant Ornellaia with blackcurrant, cedar and spice, refined tannins and a long polished finish.',20,18,16,13,1),(342,1,'Tignanello Marchesi Antinori','red','Sangiovese/Cabernet Sauvignon','Italy','Tuscany','2018','Bottle',620.00,1,'Iconic Super Tuscan with black cherry, cedar and spice, polished tannins and exceptional balance for steak.',20,17,16,13,1),(343,1,'Ornellaia Bolgheri Superiore','red','Cabernet Sauvignon/Merlot Blend','Italy','Bolgheri','2015','Bottle',671.00,1,'Rich Bolgheri blend with cassis, plum and dark chocolate, powerful structure and long polished finish.',20,18,17,13,1),(344,1,'Colore Bibi Graetz','red','Sangiovese/Canaiolo/Colorino','Italy','Tuscany','2018','Bottle',689.00,1,'Prestige Tuscan red with cherry, violet and mineral spice, refined tannins and extraordinary persistence.',20,17,16,15,1),(345,1,'Tignanello Marchesi Antinori','red','Sangiovese/Cabernet Sauvignon','Italy','Tuscany','2015','Bottle',725.00,1,'Mature Tignanello with dark cherry, tobacco and cedar complexity, polished tannins and long savoury finish.',20,17,16,13,1),(346,1,'Tignanello Marchesi Antinori','red','Sangiovese/Cabernet Sauvignon','Italy','Tuscany','2004','Bottle',740.00,1,'Mature Super Tuscan with cherry, leather and cedar complexity, refined tannins and graceful long finish.',20,17,15,13,1),(347,1,'Solaia Marchesi Antinori Tenuta Tignanello','red','Cabernet Sauvignon/Sangiovese','Italy','Tuscany','2014','Bottle',750.00,1,'Prestige Tuscan Cabernet blend with cassis, cherry and cedar, firm tannins and exceptional length.',20,18,17,13,1),(348,1,'Ornellaia Bolgheri Superiore','red','Cabernet Sauvignon/Merlot Blend','Italy','Bolgheri','2016','Bottle',800.00,1,'Grand Bolgheri blend with cassis, plum and graphite, powerful polished tannins and extraordinary persistence.',20,19,18,13,1),(349,1,'Sassicaia Bolgheri Superiore Tenuta San Guido','red','Cabernet Sauvignon/Cabernet Franc','Italy','Bolgheri','2014','Bottle',825.00,1,'Elegant Sassicaia with cassis, cedar and Mediterranean herbs, refined tannins and long mineral finish.',20,18,16,14,1),(350,1,'Sassicaia Bolgheri Superiore Tenuta San Guido','red','Cabernet Sauvignon/Cabernet Franc','Italy','Bolgheri','2017','Bottle',870.00,1,'Structured Sassicaia with blackcurrant, graphite and cedar notes, firm tannins and exceptional long finish.',20,18,17,14,1),(351,1,'Sassicaia Bolgheri Superiore Tenuta San Guido','red','Cabernet Sauvignon/Cabernet Franc','Italy','Bolgheri','2009','Bottle',1060.00,1,'Mature Sassicaia with cassis, cedar and savoury herb complexity, refined tannins and outstanding persistence.',20,18,16,13,1),(352,1,'Ornellaia Bolgheri Superiore 25th Anniversary','red','Cabernet Sauvignon/Merlot Blend','Italy','Bolgheri','2010','Bottle',1070.00,1,'Powerful anniversary Ornellaia with cassis, plum and graphite depth, dense tannins and extraordinary finish.',20,19,18,13,1),(353,1,'Massetino Toscana IGT','red','Merlot/Cabernet Franc','Italy','Tuscany','2020','Bottle',1100.00,1,'Luxurious Tuscan Merlot blend with plum, cocoa and spice, velvety tannins and exceptional length.',20,18,16,12,1),(354,1,'Sassicaia Bolgheri Superiore Tenuta San Guido','red','Cabernet Sauvignon/Cabernet Franc','Italy','Bolgheri','2016','Bottle',1400.00,1,'Grand Sassicaia with cassis, graphite and cedar precision, firm tannins and extraordinary mineral persistence.',20,19,18,14,1),(355,1,'Case Basse di Gianfranco Soldera Toscana IGT','red','Sangiovese','Italy','Tuscany','2014','Bottle',1700.00,1,'Legendary Sangiovese with red cherry, tea and savoury mineral complexity, refined tannins and extraordinary length.',20,18,17,16,1),(356,1,'Masseto Toscana IGT','red','Merlot','Italy','Tuscany','2000','Bottle',2795.00,1,'Iconic Tuscan Merlot with plum, truffle and chocolate complexity, velvety power and immense persistence.',20,19,17,12,1),(357,1,'Masseto Toscana IGT','red','Merlot','Italy','Tuscany','2010','Bottle',3200.00,1,'Monumental Masseto with dense plum, cocoa and graphite notes, powerful tannins and extraordinary long finish.',20,20,18,12,1),(358,1,'Rioja Crianza Finca del Marquesado','red','Tempranillo','Spain','Rioja','2020','Bottle',46.00,1,'Classic Rioja with cherry, vanilla and spice notes, medium tannins and smooth savoury finish.',20,13,11,11,1),(359,1,'Monastrell La Tremenda Bodegas Enrique Mendoza','red','Monastrell','Spain','Alicante','2023','Bottle',48.00,1,'Rich Monastrell with blackberry, liquorice and spice notes, velvety tannins and warming finish.',20,15,12,10,1),(360,1,'Bodegas Bardos Romántica Ribera del Duero','red','Tempranillo','Spain','Ribera del Duero','2022','Bottle',50.00,1,'Structured Ribera del Duero with black fruit, cocoa and spice, firm tannins and long finish.',20,16,15,11,1),(361,1,'Finca Mas d’en Gil Bellmunt Montsant','red','Garnacha Blend','Spain','Montsant','2022','Bottle',58.00,1,'Mediterranean Montsant with ripe red fruit, herbs and spice, rounded tannins and savoury warmth.',20,15,11,11,1),(362,1,'Rioja Gran Reserva Conde Valdemar','red','Tempranillo','Spain','Rioja','2017','Bottle',70.00,1,'Mature Rioja with cherry, leather and vanilla complexity, polished tannins and savoury persistence.',20,14,12,12,1),(363,1,'Ca’n Verdura Supernova Mantonegro','red','Mantonegro','Spain','Mallorca','2023','Bottle',75.00,1,'Fresh Mallorcan red with red fruit, herbs and spice, medium body and lively savoury finish.',20,13,9,12,1),(364,1,'Corimbo Bodegas La Horra','red','Tempranillo','Spain','Ribera del Duero','2021','Bottle',81.00,1,'Elegant Ribera del Duero with dark berry, cedar and spice, refined tannins and balanced structure.',20,16,14,11,1),(365,1,'Bodega Protos Reserva Ribera del Duero','red','Tempranillo','Spain','Ribera del Duero','2018','Bottle',88.00,1,'Structured Reserva with black fruit, vanilla and toasted oak, firm tannins and a long savoury finish.',20,16,15,11,1),(366,1,'Mas La Mola Vi d’Altura Priorat','red','Garnacha/Carignan','Spain','Priorat','2021','Bottle',105.00,1,'Powerful Priorat with dark berries, slate minerality and spice, full body and firm tannins for steak.',20,17,15,11,1),(367,1,'Rioja Reserva Bodegas Roda','red','Tempranillo','Spain','Rioja','2021','Bottle',109.00,1,'Refined Rioja Reserva with cherry, spice and polished oak, silky tannins and elegant savoury length.',20,15,13,12,1),(368,1,'Quincha Corral Bodega Mustiguillo','red','Bobal','Spain','Valencia','2014','Bottle',175.00,1,'Structured old-vine Bobal with dark berry, leather and spice, firm tannins and long savoury finish.',20,16,15,12,1),(369,1,'La Rioja Alta 904 Gran Reserva','red','Tempranillo','Spain','Rioja','2015','Bottle',192.00,1,'Classic Gran Reserva Rioja with dried cherry, leather and vanilla, polished tannins and graceful persistence.',20,15,12,13,1),(370,1,'Rioja Gran Reserva Prado Enea Bodegas Muga','red','Tempranillo','Spain','Rioja','2015','Bottle',205.00,1,'Complex Rioja with red fruit, tobacco and sweet spice, refined tannins and long savoury finish.',20,15,13,13,1),(371,1,'Malleolus de Sanchomartín Emilio Moro','red','Tempranillo','Spain','Ribera del Duero','2011','Bottle',250.00,1,'Powerful Ribera del Duero with black fruit, cocoa and oak spice, dense tannins and long finish.',20,18,17,11,1),(372,1,'Vega Sicilia Alion','red','Tempranillo','Spain','Ribera del Duero','2020','Bottle',279.00,1,'Powerful Ribera del Duero with blackcurrant, cedar and mineral depth, polished tannins and exceptional length.',20,18,17,12,1),(373,1,'Grans Muralles Miguel Torres','red','Garnacha/Carignan Blend','Spain','Conca de Barberà','2017','Bottle',283.00,1,'Complex Catalan red with dark fruit, herbs and mineral spice, firm tannins and long savoury depth.',20,17,15,12,1),(374,1,'Reserva Real Miguel Torres','red','Cabernet Sauvignon/Merlot','Spain','Penedès','2016','Bottle',315.00,1,'Prestige Penedès blend with cassis, plum and cedar, polished tannins and long structured finish.',20,17,16,12,1),(375,1,'Barón de Chirel Rioja Reserva Marqués de Riscal','red','Tempranillo Blend','Spain','Rioja','2020','Bottle',342.00,1,'Modern Rioja with black fruit, spice and polished oak, firm tannins and a long refined finish.',20,17,15,12,1),(376,1,'Valbuena 5° Vega Sicilia','red','Tempranillo/Merlot','Spain','Ribera del Duero','2017','Bottle',530.00,1,'Prestige Ribera with dark fruit, cedar and savoury spice, polished tannins and exceptional long finish.',20,18,17,12,1),(377,1,'Castillo Ygay Rioja Gran Reserva Especial','red','Tempranillo/Mazuelo','Spain','Rioja','2010','Bottle',550.00,1,'Legendary Rioja with dried cherry, leather and spice complexity, refined tannins and extraordinary persistence.',20,16,13,13,1),(378,1,'Cirsion Rioja Bodegas Roda','red','Tempranillo','Spain','Rioja','2018','Bottle',575.00,1,'Prestige Rioja with black cherry, cocoa and mineral depth, powerful polished tannins and exceptional length.',20,18,16,12,1),(379,1,'Vega Sicilia Único','red','Tempranillo/Cabernet Sauvignon','Spain','Ribera del Duero','2014','Bottle',1270.00,1,'Iconic Ribera del Duero with black fruit, cedar and spice complexity, immense structure and extraordinary finish.',20,19,18,12,1),(380,1,'Pingus Dominio de Pingus','red','Tempranillo','Spain','Ribera del Duero','2010','Bottle',2500.00,1,'Monumental Tempranillo with dense black fruit, mineral depth and oak spice, massive tannins and extraordinary length.',20,20,19,12,1),(381,1,'Periquita Reserva José Maria da Fonseca','red','Castelão Blend','Portugal','Setúbal','2022','Bottle',47.00,1,'Smooth Portuguese red with red plum, spice and earthy notes, medium body and balanced tannins.',20,13,10,11,1),(382,1,'Pegos Claros Reserva','red','Castelão','Portugal','Lisboa','2021','Bottle',50.00,1,'Savoury Castelão with dark cherry, herbs and spice, medium tannins and a food-friendly finish.',20,13,11,11,1),(383,1,'Esporão Reserva Tinto Herdade do Esporão','red','Portuguese Red Blend','Portugal','Alentejo','2022','Bottle',62.00,1,'Rich Alentejo red with blackberry, plum and spice, smooth tannins and a rounded steak-friendly finish.',20,15,12,10,1),(384,1,'Niepoort Vertente Douro','red','Portuguese Red Blend','Portugal','Douro','2021','Bottle',65.00,1,'Elegant Douro red with dark fruit, herbs and mineral spice, firm tannins and fresh savoury length.',20,15,13,12,1),(385,1,'Domäne Wachau Blauer Zweigelt Terrassen','red','Zweigelt','Austria','Wachau Valley','2023','Bottle',49.00,1,'Light Austrian red with cherry, raspberry and pepper notes, soft tannins and bright freshness for lighter meat dishes.',20,10,7,13,1),(386,1,'Weingut Prieler Blaufränkisch','red','Blaufränkisch','Austria','Leithaberg','2020','Bottle',62.00,1,'Spicy Blaufränkisch with dark cherry, pepper and mineral notes, firm acidity and savoury tannins for grilled meats.',20,13,11,14,1),(387,1,'Martin Wassmer Spätburgunder','red','Pinot Noir','Germany','Baden','2022','Bottle',46.00,1,'Elegant German Pinot Noir with cherry, cranberry and earthy spice, silky tannins and fresh acidity.',20,9,6,13,1),(388,1,'Weingut Rings Spätburgunder','red','Pinot Noir','Germany','Rheinpfalz','2022','Bottle',86.00,1,'Refined Spätburgunder with red cherry, forest floor and spice notes, fine tannins and mineral freshness.',20,10,7,13,1),(389,1,'Fog Mountain Merlot','red','Merlot','USA','California','2021','Bottle',59.00,1,'Smooth Californian Merlot with plum, mocha and soft spice notes, supple tannins and rounded finish.',20,13,10,10,2),(390,1,'Decoy by Duckhorn Pinot Noir','red','Pinot Noir','USA','Sonoma Coast','2022','Bottle',89.00,1,'Silky Sonoma Pinot Noir with cherry, raspberry and subtle oak spice, balanced acidity and elegant finish.',20,10,7,13,1),(391,1,'Seghesio Zinfandel','red','Zinfandel','USA','Sonoma Coast','2023','Bottle',95.00,1,'Generous Zinfandel with blackberry, raspberry jam and baking spice, plush body and smooth tannins for barbecue meats.',20,16,11,10,3),(392,1,'Valdemar Estates Cabernet Sauvignon','red','Cabernet Sauvignon','USA','Washington','2019','Bottle',115.00,1,'Structured Washington Cabernet with cassis, dark cherry and cedar notes, firm tannins and savoury steak-friendly finish.',20,17,16,12,1),(393,1,'Sequoia Grove Cabernet Sauvignon','red','Cabernet Sauvignon','USA','Napa Valley','2021','Bottle',141.00,1,'Rich Napa Cabernet with cassis, blackberry and cedar notes, firm tannins and long steak-friendly finish.',20,18,17,11,2),(394,1,'Grgich Hills Estate Merlot','red','Merlot','USA','Napa Valley','2019','Bottle',148.00,1,'Polished Napa Merlot with plum, black cherry and cocoa notes, velvety tannins and a long smooth finish.',20,15,12,11,2),(395,1,'Chateau Montelena Zinfandel','red','Zinfandel','USA','Napa Valley','2018','Bottle',154.00,1,'Classic Napa Zinfandel with blackberry, bramble and spice notes, full body and rounded tannins for grilled meats.',20,16,12,10,3),(396,1,'Cakebread Two Creeks Pinot Noir','red','Pinot Noir','USA','Napa Valley','2021','Bottle',161.00,1,'Elegant Pinot Noir with cherry, raspberry and baking spice, silky tannins and fresh acidity for fillet steak.',20,11,7,13,1),(397,1,'Seghesio Home Ranch Zinfandel','red','Zinfandel','USA','Alexander Valley','2015','Bottle',205.00,1,'Concentrated Zinfandel with blackberry, dried fruit and sweet spice, rich body and long warming finish.',20,17,12,10,4),(398,1,'Cakebread Cabernet Sauvignon','red','Cabernet Sauvignon','USA','Napa Valley','2021','Bottle',250.00,1,'Classic Napa Cabernet with cassis, dark plum and oak spice, powerful tannins and long finish for ribeye steak.',20,18,17,11,2),(399,1,'Joseph Phelps Cabernet Sauvignon','red','Cabernet Sauvignon','USA','Napa Valley','2019','Bottle',287.00,1,'Classic Napa Cabernet with blackcurrant, graphite and dark chocolate notes, powerful structure and polished tannins.',20,18,18,11,1),(400,1,'Cakebread Dancing Bear Ranch Cabernet Sauvignon','red','Cabernet Sauvignon','USA','Napa Valley','2018','Bottle',530.00,1,'Powerful Napa Cabernet with cassis, blackberry and graphite depth, dense tannins and exceptional steak-friendly length.',20,19,18,11,2),(401,1,'Opus Overture','red','Bordeaux Blend','USA','Napa Valley','NV','Bottle',611.00,1,'Luxurious Napa blend with cassis, plum and cedar notes, polished tannins and long elegant finish for prime beef.',20,18,17,12,1),(402,1,'Ridge Monte Bello','red','Cabernet Sauvignon Blend','USA','Santa Cruz Mountains','2018','Bottle',680.00,1,'Iconic Californian Cabernet blend with cassis, graphite and mineral depth, firm tannins and exceptional persistence.',20,18,18,13,1),(403,1,'Dominus by Christian Moueix','red','Cabernet Sauvignon Blend','USA','Napa Valley','2012','Bottle',984.00,1,'Prestige Napa blend with blackcurrant, cedar and savoury spice, powerful tannins and exceptional length.',20,19,18,12,1),(404,1,'Joseph Phelps Insignia','red','Cabernet Sauvignon Blend','USA','Napa Valley','2019','Bottle',1050.00,1,'Iconic Napa blend with cassis, dark chocolate and graphite, dense polished tannins and extraordinary finish.',20,19,18,12,1),(405,1,'Opus One','red','Cabernet Sauvignon Blend','USA','Napa Valley','2012','Bottle',1975.00,1,'Legendary Napa Bordeaux blend with cassis, cedar and graphite complexity, refined power and extraordinary persistence.',20,19,18,12,1),(406,1,'Screaming Eagle The Flight Second Flight','red','Merlot/Cabernet Sauvignon','USA','Napa Valley','2015','Bottle',2780.00,1,'Luxurious Napa blend with plum, cassis and cocoa depth, velvety tannins and immense polished length.',20,19,17,12,1),(407,1,'Screaming Eagle Cabernet Sauvignon','red','Cabernet Sauvignon','USA','Napa Valley','2015','Bottle',11000.00,1,'Cult Napa Cabernet with cassis, graphite and dark chocolate complexity, profound tannins and extraordinary length.',20,20,19,12,1),(408,1,'Urban Malbec Bodega O Fournier','red','Malbec','Argentina','Uco Valley','2024','Bottle',42.00,1,'Juicy Malbec with plum, blackberry and violet notes, plush texture and smooth steak-friendly tannins.',20,15,13,10,1),(409,1,'Zuccardi A Series Malbec','red','Malbec','Argentina','Mendoza','2024','Bottle',47.00,1,'Fruit-forward Malbec with blackberry, plum and spice notes, smooth tannins and generous finish.',20,15,12,10,1),(410,1,'Catalpa Malbec Bodega Atamisque','red','Malbec','Argentina','Mendoza','2023','Bottle',58.00,1,'Elegant Malbec with dark berry, cocoa and violet notes, refined tannins and balanced acidity.',20,15,13,11,1),(411,1,'Zuccardi Q Cabernet Sauvignon','red','Cabernet Sauvignon','Argentina','Uco Valley','2023','Bottle',59.00,1,'Structured Uco Valley Cabernet with cassis, plum and herbal spice, firm tannins and steak-friendly finish.',20,16,15,11,1),(412,1,'Cabernet Sauvignon Bodega Atamisque','red','Cabernet Sauvignon','Argentina','Mendoza','2020','Bottle',71.00,1,'Ripe Mendoza Cabernet with blackcurrant, plum and cedar notes, firm tannins and a savoury finish.',20,16,15,11,1),(413,1,'Terrazas Malbec','red','Malbec','Argentina','Uco Valley','2022','Bottle',75.00,1,'Structured Malbec with blackberry, plum and spice notes, polished tannins and long savoury finish.',20,16,14,11,1),(414,1,'Gran Malbec Piedra Negra François Lurton','red','Malbec','Argentina','Uco Valley','2021','Bottle',80.00,1,'Concentrated Malbec with black plum, violet and spice notes, firm tannins and a polished finish.',20,16,14,11,1),(415,1,'Grand Malbec High Altitude Vineyard Terrazas de los Andes','red','Malbec','Argentina','Mendoza','2021','Bottle',120.00,1,'High-altitude Malbec with dark fruit, violet and mineral spice, structured tannins and long freshness.',20,17,15,12,1),(416,1,'Jose Zuccardi Malbec Cabernet Sauvignon','red','Malbec/Cabernet Sauvignon','Argentina','Uco Valley','2018','Bottle',150.00,1,'Powerful Argentine blend with black fruit, cassis and spice, firm tannins and long steak-friendly structure.',20,17,16,12,1),(417,1,'Catena Zapata Nicasia Single Vineyard Malbec','red','Malbec','Argentina','Altamira Uco Valley','2018','Bottle',192.00,1,'Prestige Malbec with blackberry, violet and mineral depth, polished tannins and exceptional long finish.',20,17,15,12,1),(418,1,'Zuccardi Aluvional Gualtallary Malbec','red','Malbec','Argentina','Tupungato Uco Valley','2018','Bottle',240.00,1,'Mineral Malbec with dark fruit, violet and chalky spice, firm tannins and long precise finish.',20,17,15,13,1),(419,1,'Malbec Altura Máxima Bodega Colomé','red','Malbec','Argentina','Salta','2017','Bottle',295.00,1,'Extreme-altitude Malbec with black fruit, herbs and mineral intensity, powerful tannins and exceptional length.',20,18,16,13,1),(420,1,'Tannat Single Vineyard Bodega Garzón','red','Tannat','Uruguay','Maldonado','2020','Bottle',79.00,1,'Powerful Uruguayan Tannat with black fruit, cocoa and spice, firm tannins and a robust steak-friendly finish.',20,17,18,12,1),(421,1,'Viu Manent Merlot Reserva','red','Merlot','Chile','Colchagua Valley','2022','Bottle',39.00,1,'Soft Chilean Merlot with plum, cherry and subtle spice, smooth tannins and a rounded easy-drinking finish.',20,13,9,10,1),(422,1,'Emiliana Vineyards Eco Pinot Noir','red','Pinot Noir','Chile','Bío Bío Valley','2023','Bottle',41.00,1,'Fresh Chilean Pinot Noir with cherry, raspberry and earthy notes, light tannins and vibrant acidity.',20,9,6,13,1),(423,1,'Grillos Cantores Cabernet Sauvignon','red','Cabernet Sauvignon','Chile','Alto Cachapoal','2020','Bottle',55.00,1,'Structured Chilean Cabernet with blackcurrant, plum and herbal notes, firm tannins and a savoury steak-friendly finish.',20,16,16,12,1),(424,1,'Montes Alpha Merlot','red','Merlot','Chile','Colchagua Valley','2021','Bottle',57.00,1,'Polished Chilean Merlot with plum, black cherry and mocha notes, soft tannins and a smooth finish.',20,14,10,10,1),(425,1,'Webersburg Cabernet Sauvignon Merlot','red','Cabernet Sauvignon/Merlot','South Africa','Stellenbosch','2018','Bottle',60.00,1,'Structured Stellenbosch blend with cassis, cedar and dark plum notes, polished tannins and long finish.',20,16,15,12,1),(426,1,'Webersburg Cabernet Sauvignon','red','Cabernet Sauvignon','South Africa','Stellenbosch','2017','Bottle',67.00,1,'Classic Stellenbosch Cabernet with blackcurrant, graphite and cedar complexity, firm tannins and persistent finish.',20,17,17,12,1),(427,1,'Spice Route Chakalaka Shiraz Blend','red','Shiraz Blend','South Africa','Swartland','2021','Bottle',74.00,1,'Spicy Swartland blend with blackberry, pepper and savoury herbs, firm tannins and a rich finish.',20,16,14,11,1),(428,1,'Crystallum Peter Max Pinot Noir','red','Pinot Noir','South Africa','Hemel-en-Aarde','2023','Bottle',92.00,1,'Elegant Pinot Noir with cherry, raspberry and earthy spice, fine tannins and fresh coastal acidity.',20,10,7,14,1),(429,1,'Meerlust Rubicon','red','Cabernet Sauvignon Blend','South Africa','Stellenbosch','2022','Bottle',105.00,1,'Classic Cape Bordeaux blend with cassis, plum and cedar notes, firm tannins and long savoury finish.',20,17,16,12,1),(430,1,'Kanonkop Pinotage','red','Pinotage','South Africa','Stellenbosch','2021','Bottle',110.00,1,'Powerful Pinotage with dark berry, smoke and spice notes, firm tannins and rich savoury finish.',20,16,14,11,1),(431,1,'Kanonkop Paul Sauer','red','Cabernet Sauvignon Blend','South Africa','Stellenbosch','2019','Bottle',148.00,1,'Prestige Stellenbosch blend with cassis, cedar and tobacco notes, structured tannins and long finish.',20,18,17,12,1),(432,1,'Kanonkop Black Label Pinotage','red','Pinotage','South Africa','Stellenbosch','2017','Bottle',430.00,1,'Iconic Pinotage with black fruit, smoke and earthy spice, powerful tannins and exceptional long finish.',20,18,16,12,1),(433,1,'Hochar Père et Fils Château Musar','red','Cabernet Sauvignon Blend','Lebanon','Bekaa Valley','2020','Bottle',75.00,1,'Complex Lebanese red with black fruit, spice and earthy maturity, firm tannins and savoury finish.',20,16,14,11,1),(434,1,'Château Musar Gaston Hochar','red','Cabernet Sauvignon Blend','Lebanon','Bekaa Valley','2017','Bottle',140.00,1,'Iconic Lebanese red with dried fruit, cedar and spice complexity, refined tannins and remarkable persistence.',20,17,15,11,1),(435,1,'Willunga Grenache','red','Grenache','Australia','McLaren Vale','2021','Bottle',48.00,1,'Juicy Grenache with raspberry, spice and herbal notes, silky tannins and vibrant freshness.',20,13,9,12,1),(436,1,'D’Arenberg The Footbolt Shiraz','red','Shiraz','Australia','McLaren Vale','2021','Bottle',49.00,1,'Bold Shiraz with blackberry, pepper and dark chocolate notes, firm tannins and long finish for steak.',20,17,14,10,1),(437,1,'Tyrrell’s Hunter Valley Shiraz','red','Shiraz','Australia','Hunter Valley','2023','Bottle',51.00,1,'Medium-bodied Hunter Shiraz with red plum, pepper and savoury earth, fresh acidity and fine tannins.',20,14,12,12,1),(438,1,'Ringbolt Cabernet Sauvignon','red','Cabernet Sauvignon','Australia','Margaret River','2021','Bottle',60.00,1,'Structured Cabernet with cassis, eucalyptus and cedar notes, firm tannins and savoury finish.',20,17,16,11,1),(439,1,'Yalumba Barossa Bush Vine Grenache','red','Grenache','Australia','Barossa Valley','2021','Bottle',63.00,1,'Generous Barossa Grenache with raspberry, spice and soft herbs, rounded tannins and warm finish.',20,14,9,11,1),(440,1,'Mount Horrocks Cabernet Sauvignon','red','Cabernet Sauvignon','Australia','Clare Valley','2021','Bottle',92.00,1,'Structured Clare Cabernet with blackcurrant, mint and cedar notes, firm tannins and long savoury finish.',20,17,16,12,1),(441,1,'Sexton Vineyard Yarra Valley Pinot Noir','red','Pinot Noir','Australia','Yarra Valley','2021','Bottle',116.00,1,'Elegant Yarra Pinot Noir with cherry, spice and earthy complexity, fine tannins and bright acidity.',20,10,7,14,1),(442,1,'D’Arenberg The Dead Arm Shiraz','red','Shiraz','Australia','McLaren Vale','2014','Bottle',137.00,1,'Concentrated Shiraz with blackberry, pepper and dark chocolate, powerful tannins and long steak-friendly finish.',20,18,16,11,1),(443,1,'D’Arenberg The Coppermine Road Cabernet Sauvignon','red','Cabernet Sauvignon','Australia','McLaren Vale','2014','Bottle',140.00,1,'Powerful Cabernet with cassis, eucalyptus and cedar notes, firm tannins and long savoury finish.',20,18,17,11,1),(444,1,'Penfolds Grange','red','Shiraz','Australia','South Australia','2001','Bottle',1400.00,1,'Iconic Australian Shiraz with black fruit, chocolate and spice complexity, immense structure and extraordinary persistence.',20,20,18,11,2),(445,1,'Main Divide Merlot Cabernet Sauvignon','red','Merlot/Cabernet Sauvignon','New Zealand','Waipara Valley','2022','Bottle',51.00,1,'Smooth New Zealand blend with plum, cassis and spice notes, moderate tannins and a polished finish.',20,14,12,12,1),(446,1,'Akarua Rua Pinot Noir','red','Pinot Noir','New Zealand','Central Otago','2023','Bottle',75.00,1,'Elegant Pinot Noir with cherry, cranberry and earthy spice notes, silky tannins and vibrant acidity.',20,10,7,14,1),(447,1,'Cloudy Bay Pinot Noir','red','Pinot Noir','New Zealand','Marlborough','2020','Bottle',119.00,1,'Refined Pinot Noir with red berry, spice and earthy complexity, smooth tannins and long finish.',20,11,8,13,1),(448,1,'Château d’Yquem Sauternes','dessert','Sémillon/Sauvignon Blanc','France','Sauternes','1997','Half Bottle',550.00,1,'Legendary Sauternes with apricot, honey and saffron complexity, bright acidity and an immense sweet finish for dessert or blue cheese.',20,14,0,15,20),(449,1,'Château d’Yquem Sauternes','dessert','Sémillon/Sauvignon Blanc','France','Sauternes','2002','Half Bottle',790.00,1,'Luxurious Sauternes with marmalade, honey and candied citrus, rich sweetness balanced by vibrant acidity and exceptional length.',20,14,0,15,20),(450,1,'Château d’Yquem Sauternes','dessert','Sémillon/Sauvignon Blanc','France','Sauternes','1999','Bottle',1080.00,1,'Opulent Sauternes with apricot, botrytis spice and honeyed citrus, intense sweetness and a long refined finish.',20,15,0,14,20),(451,1,'Château d’Yquem Sauternes','dessert','Sémillon/Sauvignon Blanc','France','Sauternes','1996','Bottle',1100.00,1,'Elegant d’Yquem with citrus marmalade, saffron and honey notes, powerful sweetness balanced by superb acidity and length.',20,14,0,16,20),(452,1,'Château d’Yquem Sauternes','dessert','Sémillon/Sauvignon Blanc','France','Sauternes','1983','Bottle',1500.00,1,'Mature Sauternes with dried apricot, caramel and spice complexity, luscious sweetness and a remarkably persistent finish.',20,15,0,13,20),(453,1,'Château d’Yquem Sauternes','dessert','Sémillon/Sauvignon Blanc','France','Sauternes','1989','Bottle',1550.00,1,'Powerful d’Yquem with tropical fruit, honey and saffron depth, rich texture and extraordinary sweet persistence.',20,15,0,14,20),(454,1,'Château d’Yquem Sauternes','dessert','Sémillon/Sauvignon Blanc','France','Sauternes','1976','Bottle',2200.00,1,'Rare mature Sauternes with caramel, dried apricot and spice complexity, profound sweetness and exceptional lingering finish.',20,15,0,12,20),(455,1,'Jorge Ordóñez Selección Especial Nº1','dessert','Moscatel','Spain','Málaga','2023','Half Bottle',51.00,1,'Aromatic Spanish dessert wine with orange blossom, peach and honey notes, bright acidity and a sweet clean finish.',20,9,0,12,17),(456,1,'Château de Cérons Graves','dessert','Sémillon/Sauvignon Blanc','France','Graves','2018','Half Bottle',53.00,1,'Golden Bordeaux dessert wine with apricot, honey and citrus peel, balanced acidity and a refined sweet finish.',20,11,0,13,17),(457,1,'Château Laville Sauternes','dessert','Sémillon/Sauvignon Blanc','France','Sauternes','2019','Half Bottle',67.00,1,'Classic Sauternes with honey, apricot and marmalade notes, rich sweetness balanced by fresh acidity and long finish.',20,12,0,14,18),(458,1,'Vouvray Nectar Marc Brédif','dessert','Chenin Blanc','France','Loire','2010','Half Bottle',95.00,1,'Sweet Vouvray with quince, honey and baked apple notes, vibrant acidity and a long mineral finish for dessert pairing.',20,11,0,17,16),(459,1,'Château de Malle Sauternes','dessert','Sémillon/Sauvignon Blanc','France','Sauternes','2016','Bottle',140.00,1,'Elegant Sauternes with apricot, honey and citrus marmalade, luscious sweetness and balancing acidity for foie gras or dessert.',20,12,0,14,18),(460,1,'Valdespino Fino Inocente','sherry','Palomino','Spain','Jerez','NV','Bottle',48.00,1,'Bone-dry fino sherry with almond, citrus peel and saline notes, sharp freshness and a savoury finish ideal with seafood or tapas.',20,5,1,16,1),(461,1,'Niepoort Dry White Port','port','Portuguese White Blend','Portugal','Douro','NV','Bottle',52.00,1,'Fresh white port with citrus, nuts and dried fruit notes, balanced sweetness and refreshing finish served chilled.',20,8,0,11,10),(462,1,'Niepoort Late Bottled Vintage Port','port','Portuguese Red Blend','Portugal','Douro','2019','Bottle',78.00,1,'Rich LBV Port with blackberry, plum and chocolate notes, velvety texture and long warming finish for blue cheese or dessert.',20,16,10,8,16),(463,1,'Taylor’s 20 Year Old Tawny Port','port','Portuguese Red Blend','Portugal','Douro','NV','Bottle',110.00,1,'Complex tawny port with caramel, dried fig and toasted nut notes, silky sweetness and elegant oxidative finish.',20,14,6,9,17),(464,1,'Dow’s Vintage Port','port','Portuguese Red Blend','Portugal','Douro','2017','Bottle',165.00,1,'Powerful vintage port with black fruit, dark chocolate and spice, firm tannins and an intensely long sweet finish.',20,18,15,8,18),(465,1,'Taylor’s Vintage Port','port','Portuguese Red Blend','Portugal','Douro','2016','Bottle',210.00,1,'Structured vintage port with blackberry, cassis and cocoa notes, muscular tannins and exceptional sweet persistence.',20,19,16,8,18),(466,1,'Niepoort Colheita Port','port','Portuguese Red Blend','Portugal','Douro','2003','Bottle',245.00,1,'Elegant aged Colheita with dried fruit, caramel and spice complexity, silky sweetness and long nutty finish.',20,15,5,9,17),(467,1,'D’Arenberg The Footbolt Shiraz','red','Shiraz','Australia','McLaren Vale','2017','Magnum',112.00,1,'Bold McLaren Vale Shiraz with blackberry, pepper and dark chocolate notes, firm tannins and a rich steak-friendly finish.',20,17,14,10,1),(468,1,'Kaiken Ultra Malbec','red','Malbec','Argentina','Mendoza','2021','Magnum',115.00,1,'Rich Mendoza Malbec with plum, violet and spice notes, polished tannins and a generous savoury finish.',20,16,14,11,1),(469,1,'Valpolicella Ripasso Superiore Tedeschi','red','Corvina Blend','Italy','Veneto','2021','Magnum',120.00,1,'Layered Ripasso with cherry, raisin and sweet spice notes, rounded tannins and warming finish for roast meats.',20,15,11,10,2),(470,1,'Ijalba Rioja Reserva','red','Tempranillo','Spain','Rioja','2018','Magnum',128.00,1,'Classic Rioja Reserva with cherry, vanilla and tobacco notes, polished tannins and long savoury finish.',20,15,13,12,1),(471,1,'Barbera d’Alba Superiore Bruna Grimaldi','red','Barbera','Italy','Piedmont','2022','Magnum',143.00,1,'Fresh Piedmont Barbera with sour cherry, plum and spice notes, vibrant acidity and smooth tannins.',20,13,8,15,1),(472,1,'Rioja Gran Reserva Conde Valdemar','red','Tempranillo','Spain','Rioja','2012','Magnum',146.00,1,'Mature Rioja with dried cherry, leather and vanilla complexity, refined tannins and savoury persistence.',20,15,12,12,1),(473,1,'Niepoort Vertente','red','Portuguese Red Blend','Portugal','Douro','2019','Magnum',163.00,1,'Elegant Douro blend with dark fruit, herbs and mineral spice, firm tannins and fresh savoury finish.',20,15,13,12,1),(474,1,'Château Patache d’Aux Médoc','red','Cabernet Sauvignon Blend','France','Médoc','2017','Magnum',172.00,1,'Classic Médoc with cassis, graphite and cedar notes, structured tannins and long steak-friendly finish.',20,16,15,12,1),(475,1,'Rioja Reserva Bodegas Roda','red','Tempranillo','Spain','Rioja','2021','Magnum',213.00,1,'Refined Rioja Reserva with dark cherry, spice and polished oak, elegant tannins and long finish.',20,15,13,12,1),(476,1,'Bourgogne Rouge Domaine de Montille','red','Pinot Noir','France','Burgundy','2019','Magnum',230.00,1,'Elegant Burgundy Pinot Noir with cherry, cranberry and earthy spice, silky tannins and bright acidity.',20,10,7,13,1),(477,1,'Chianti Classico Fontodi','red','Sangiovese','Italy','Tuscany','2020','Magnum',235.00,1,'Structured Chianti Classico with cherry, leather and savoury herbs, firm acidity and balanced tannins.',20,15,14,15,1),(478,1,'Marsannay Cuvée Marie Ragonneau Domaine Charles Audoin','red','Pinot Noir','France','Burgundy','2020','Magnum',283.00,1,'Textured Marsannay with red cherry, spice and mineral notes, fine tannins and elegant freshness.',20,10,8,13,1),(479,1,'Brunello di Montalcino Castello Banfi','red','Sangiovese','Italy','Tuscany','2019','Magnum',287.00,1,'Structured Brunello with dark cherry, leather and tobacco notes, firm tannins and long savoury finish.',20,17,16,15,1),(480,1,'La Réserve de Château Léoville Barton Saint-Julien','red','Cabernet Sauvignon Blend','France','Saint-Julien','2019','Magnum',288.00,1,'Elegant Saint-Julien with cassis, graphite and cedar notes, firm tannins and exceptional balance for beef.',20,17,17,13,1),(481,1,'Marsannay Cuvée Charlie Domaine Audoin','red','Pinot Noir','France','Burgundy','2016','Magnum',289.00,1,'Complex Marsannay with cherry, forest floor and spice notes, refined tannins and mineral persistence.',20,11,8,13,1),(482,1,'Corimbo 1 Bodegas La Horra','red','Tempranillo','Spain','Ribera del Duero','2015','Magnum',290.00,1,'Powerful Ribera del Duero with black fruit, cocoa and cedar notes, firm tannins and long finish.',20,17,16,11,1),(483,1,'La Réserve de Château Léoville Barton Saint-Julien','red','Cabernet Sauvignon Blend','France','Saint-Julien','2018','Magnum',290.00,1,'Structured Saint-Julien with cassis, cedar and graphite notes, polished tannins and long savoury finish.',20,17,16,13,1),(484,1,'Chianti Classico Gran Selezione Castello Fonterutoli','red','Sangiovese','Italy','Tuscany','2017','Magnum',295.00,1,'Prestige Chianti with black cherry, tobacco and spice notes, firm acidity and refined tannins.',20,16,15,15,1),(485,1,'Château Les Ormes de Pez Saint-Estèphe','red','Cabernet Sauvignon Blend','France','Saint-Estèphe','2016','Magnum',300.00,1,'Powerful Saint-Estèphe with cassis, graphite and spice notes, structured tannins and long finish.',20,17,16,12,1),(486,1,'Le Serre Nuove dell’Ornellaia','red','Merlot/Cabernet Sauvignon Blend','Italy','Bolgheri','2022','Magnum',420.00,1,'Luxurious Bolgheri blend with cassis, plum and cedar complexity, polished tannins and long finish.',20,17,15,12,1),(487,1,'Barolo Camilla Bruna Grimaldi','red','Nebbiolo','Italy','Piedmont','2018','Double Magnum',475.00,1,'Classic Barolo with rose petal, cherry and tar notes, powerful tannins and long structured finish.',20,17,18,15,1),(488,1,'Badarina Serralunga Bruna Grimaldi','red','Nebbiolo','Italy','Piedmont','2015','Double Magnum',570.00,1,'Powerful Serralunga Barolo with dark cherry, tar and spice notes, firm tannins and exceptional persistence.',20,18,19,15,1),(489,1,'Hermitage La Chapelle Paul Jaboulet Aîné','red','Syrah','France','Rhône','2016','Double Magnum',1800.00,1,'Legendary Hermitage with blackberry, smoke and mineral depth, immense tannins and extraordinary finish.',20,19,18,12,1),(490,1,'Château Batailley 5ème Cru Classé Pauillac','red','Cabernet Sauvignon Blend','France','Pauillac','2009','Double Magnum',2200.00,1,'Mature Pauillac with cassis, graphite and cedar complexity, powerful tannins and remarkable length.',20,18,17,12,1),(491,1,'Château Talbot 4ème Cru Classé Saint-Julien','red','Cabernet Sauvignon Blend','France','Saint-Julien','2010','Double Magnum',2300.00,1,'Structured Saint-Julien with cassis, tobacco and cedar notes, refined tannins and exceptional persistence.',20,18,17,13,1),(492,1,'Château Talbot 4ème Cru Classé Saint-Julien','red','Cabernet Sauvignon Blend','France','Saint-Julien','2009','Double Magnum',2400.00,1,'Mature Saint-Julien with blackcurrant, graphite and cigar-box notes, polished tannins and long finish.',20,18,16,12,1),(493,1,'Château Langoa Barton 3ème Cru Classé Saint-Julien','red','Cabernet Sauvignon Blend','France','Saint-Julien','2015','Double Magnum',430.00,1,'Elegant Saint-Julien with cassis, cedar and graphite notes, firm tannins and long savoury finish.',20,17,16,13,1),(494,1,'Château Batailley 5ème Cru Classé Pauillac','red','Cabernet Sauvignon Blend','France','Pauillac','2016','Double Magnum',460.00,1,'Classic Pauillac with blackcurrant, cedar and graphite notes, muscular tannins and long finish.',20,18,17,12,1),(495,1,'Château Langoa Barton 3ème Cru Classé Saint-Julien','red','Cabernet Sauvignon Blend','France','Saint-Julien','2012','Double Magnum',495.00,1,'Mature Saint-Julien with cassis, cedar and tobacco complexity, refined tannins and savoury persistence.',20,17,15,12,1),(496,1,'Cakebread Cabernet Sauvignon','red','Cabernet Sauvignon','USA','Napa Valley','2016','Double Magnum',510.00,1,'Classic Napa Cabernet with cassis, dark chocolate and cedar notes, powerful tannins and long steak-friendly finish.',20,18,17,11,2),(497,1,'Château Phelan Ségur Cru Bourgeois Saint-Estèphe','red','Cabernet Sauvignon Blend','France','Saint-Estèphe','2010','Double Magnum',540.00,1,'Structured Saint-Estèphe with cassis, graphite and spice notes, firm tannins and savoury depth.',20,17,16,12,1),(498,1,'Siepi Castello Fonterutoli Mazzei','red','Merlot/Sangiovese','Italy','Tuscany','2021','Double Magnum',660.00,1,'Prestige Super Tuscan with plum, black cherry and cedar notes, velvety tannins and long polished finish.',20,18,16,13,1),(499,1,'Vega Sicilia Alion','red','Tempranillo','Spain','Ribera del Duero','2020','Double Magnum',780.00,1,'Powerful Ribera del Duero with black fruit, cedar and cocoa notes, polished tannins and exceptional finish.',20,18,17,12,1),(500,1,'Château Giscours 3ème Cru Classé Margaux','red','Cabernet Sauvignon Blend','France','Margaux','2005','Double Magnum',785.00,1,'Mature Margaux with cassis, violet and cedar complexity, silky tannins and exceptional length.',20,17,15,12,1),(501,1,'Vega Sicilia Valbuena 5º','red','Tempranillo/Merlot','Spain','Ribera del Duero','2019','Double Magnum',970.00,1,'Prestige Ribera with dark fruit, cedar and savoury spice, refined tannins and exceptional persistence.',20,18,17,12,1),(502,1,'Ornellaia Bolgheri Superiore','red','Cabernet Sauvignon/Merlot Blend','Italy','Bolgheri','2016','Double Magnum',1890.00,1,'Grand Bolgheri blend with cassis, plum and graphite complexity, dense tannins and extraordinary finish.',20,19,18,13,1),(503,1,'Château Lagrange 3ème Cru Classé Saint-Julien','red','Cabernet Sauvignon Blend','France','Saint-Julien','1996','Jeroboam',1550.00,1,'Mature Saint-Julien with cassis, cedar and tobacco complexity, refined tannins and long savoury finish.',20,17,15,12,1),(504,1,'Château Gruaud Larose 2ème Cru Classé Saint-Julien','red','Cabernet Sauvignon Blend','France','Saint-Julien','2004','Jeroboam',1900.00,1,'Classic Saint-Julien with blackcurrant, graphite and cedar notes, firm tannins and exceptional persistence.',20,18,17,12,1),(505,1,'Sarget de Château Gruaud Larose Saint-Julien','red','Cabernet Sauvignon Blend','France','Saint-Julien','2016','Imperial',900.00,1,'Elegant Saint-Julien with cassis, cedar and graphite notes, polished tannins and long refined finish.',20,17,15,12,1),(506,1,'Roda I Reserva Bodegas Roda','red','Tempranillo','Spain','Rioja','2016','Imperial',1250.00,1,'Prestige Rioja with black cherry, spice and polished oak, firm tannins and exceptional savoury persistence.',20,17,15,12,1),(507,1,'Château Les Ormes de Pez Saint-Estèphe','red','Cabernet Sauvignon Blend','France','Saint-Estèphe','2016','Imperial',1500.00,1,'Powerful Saint-Estèphe with cassis, graphite and tobacco notes, structured tannins and long finish.',20,17,16,12,1),(508,1,'Sarget de Château Gruaud Larose Saint-Julien','red','Cabernet Sauvignon Blend','France','Saint-Julien','2016','Salmanazar',1350.00,1,'Refined Saint-Julien with cassis, cedar and graphite complexity, polished tannins and savoury length.',20,17,15,12,1),(509,1,'Château du Tertre 5ème Cru Classé Margaux','red','Cabernet Sauvignon Blend','France','Margaux','2006','Salmanazar',1900.00,1,'Mature Margaux with blackcurrant, violet and cedar complexity, silky tannins and elegant persistence.',20,17,15,12,1),(510,1,'Webersburg Cabernet Sauvignon','red','Cabernet Sauvignon','South Africa','Stellenbosch','2012','Melchior',1700.00,1,'Structured Stellenbosch Cabernet with cassis, graphite and cedar notes, firm tannins and long savoury finish.',20,18,17,12,1),(511,1,'Mâcon-Villages Domaine Perraud','white','Chardonnay','France','Burgundy','2023','Half Bottle',34.00,1,'Fresh Burgundy Chardonnay with citrus, orchard fruit and mineral notes, lively acidity and clean seafood-friendly finish.',20,8,0,13,1),(512,1,'Sancerre Domaine de Nozay','white','Sauvignon Blanc','France','Loire','2023','Half Bottle',39.00,1,'Mineral-driven Sancerre with citrus, gooseberry and herbal notes, vibrant acidity and crisp finish.',20,7,0,17,1),(513,1,'Cloudy Bay Sauvignon Blanc','white','Sauvignon Blanc','New Zealand','Marlborough','2024','Half Bottle',42.00,1,'Expressive Marlborough Sauvignon Blanc with passionfruit, lime and fresh herbs, zesty acidity and long refreshing finish.',20,8,0,18,1),(514,1,'Chablis Domaine Billaud-Simon','white','Chardonnay','France','Chablis','2022','Half Bottle',45.00,1,'Classic Chablis with citrus, green apple and chalky minerality, bright acidity and elegant seafood-friendly finish.',20,8,0,16,1),(515,1,'Whispering Angel Côtes de Provence Rosé','rose','Grenache Blend','France','Provence','2024','Half Bottle',38.00,1,'Elegant Provence rosé with strawberry, peach and citrus notes, crisp acidity and refreshing dry finish.',20,7,1,14,1),(516,1,'Côtes du Rhône Parallèle 45 Paul Jaboulet Aîné','red','GSM Blend','France','Rhône','2023','Half Bottle',32.00,1,'Juicy Rhône blend with blackberry, pepper and herbal spice, medium tannins and savoury finish.',20,13,10,11,1),(517,1,'Barbera d’Asti Le Pole Di Nizza','red','Barbera','Italy','Piedmont','2023','Half Bottle',36.00,1,'Fresh Barbera with sour cherry, plum and spice notes, bright acidity and smooth tannins.',20,12,8,15,1),(518,1,'Rioja Crianza Finca del Marquesado','red','Tempranillo','Spain','Rioja','2020','Half Bottle',37.00,1,'Classic Rioja with cherry, vanilla and spice notes, medium tannins and smooth savoury finish.',20,13,11,11,1),(519,1,'Urban Malbec Bodega O Fournier','red','Malbec','Argentina','Uco Valley','2024','Half Bottle',39.00,1,'Juicy Malbec with plum, blackberry and violet notes, plush texture and smooth steak-friendly tannins.',20,15,13,10,1),(520,1,'Château Beaumont Cru Bourgeois Haut-Médoc','red','Cabernet Sauvignon Blend','France','Haut-Médoc','2016','Half Bottle',48.00,1,'Structured Haut-Médoc with blackcurrant, cedar and tobacco notes, refined tannins and long savoury finish.',20,16,15,12,1),(521,1,'Brunello di Montalcino Castello Banfi','red','Sangiovese','Italy','Tuscany','2019','Half Bottle',68.00,1,'Structured Brunello with dark cherry, leather and tobacco notes, firm tannins and long savoury finish.',20,17,16,15,1),(522,1,'Château Lynch-Moussas 5ème Cru Classé Pauillac','red','Cabernet Sauvignon Blend','France','Pauillac','2019','Half Bottle',82.00,1,'Classic Pauillac with cassis, graphite and cedar notes, firm tannins and powerful steak-friendly finish.',20,18,17,12,1),(523,1,'Taylor’s 20 Year Old Tawny Port','port','Portuguese Red Blend','Portugal','Douro','NV','Half Bottle',58.00,1,'Complex tawny port with caramel, dried fig and toasted nut notes, silky sweetness and elegant oxidative finish.',20,14,6,9,17),(524,1,'Château Laville Sauternes','dessert','Sémillon/Sauvignon Blanc','France','Sauternes','2019','Half Bottle',67.00,1,'Classic Sauternes with honey, apricot and marmalade notes, rich sweetness balanced by fresh acidity and long finish.',20,12,0,14,18),(525,1,'Château d’Yquem Sauternes','dessert','Sémillon/Sauvignon Blanc','France','Sauternes','1997','Half Bottle',550.00,1,'Legendary Sauternes with apricot, honey and saffron complexity, bright acidity and immense sweet persistence.',20,14,0,15,20),(534,1,'Console Test Wine','Red','Merlot','France','Bordeaux','2020','Bottle',29.99,1,'Test wine created from browser console',20,3,3,3,2),(535,2,'Crow st wine','red','Testing','Ireland','Dublin','1990','Bottle',155.00,1,'This is a new Crow street wine addition',20,1,1,1,1);
/*!40000 ALTER TABLE `wines` ENABLE KEYS */;
UNLOCK TABLES;
/*!40103 SET TIME_ZONE=@OLD_TIME_ZONE */;

/*!40101 SET SQL_MODE=@OLD_SQL_MODE */;
/*!40014 SET FOREIGN_KEY_CHECKS=@OLD_FOREIGN_KEY_CHECKS */;
/*!40014 SET UNIQUE_CHECKS=@OLD_UNIQUE_CHECKS */;
/*!40101 SET CHARACTER_SET_CLIENT=@OLD_CHARACTER_SET_CLIENT */;
/*!40101 SET CHARACTER_SET_RESULTS=@OLD_CHARACTER_SET_RESULTS */;
/*!40101 SET COLLATION_CONNECTION=@OLD_COLLATION_CONNECTION */;
/*!40111 SET SQL_NOTES=@OLD_SQL_NOTES */;

-- Dump completed on 2026-05-30 19:01:01
